[2026-08-08 02:52:41] Overnight tactic sweep starting. Base 9 tactics: ['privilege_escalation', 'command_and_control', 'credential_access', 'execution', 'initial_access', 'lateral_movement', 'persistence', 'stealth', 'defense_impairment']
[2026-08-08 02:52:41] Add order for 10-14: ['reconnaissance', 'impact', 'discovery', 'collection', 'exfiltration']
[2026-08-08 02:52:41] ================================================================================
[2026-08-08 02:52:41] STAGE: 9 tactics -> adding "defense_impairment (base)"  tactics=['privilege_escalation', 'command_and_control', 'credential_access', 'execution', 'initial_access', 'lateral_movement', 'persistence', 'stealth', 'defense_impairment']
[2026-08-08 02:52:41] ================================================================================
[2026-08-08 02:52:41] [9t][template][main.py] :: RUNNING: /csse/research/contructive-learning/.venv/bin/python3 main.py --split-seed 1 --test-size 0.1 --run-tag seed1_9tactic --force
[2026-08-08 02:59:41] Overnight tactic sweep starting. Base 9 tactics: ['privilege_escalation', 'command_and_control', 'credential_access', 'execution', 'initial_access', 'lateral_movement', 'persistence', 'stealth', 'defense_impairment']
[2026-08-08 02:59:41] Add order for 10-14: ['reconnaissance', 'impact', 'discovery', 'collection', 'exfiltration']
[2026-08-08 02:59:41] ================================================================================
[2026-08-08 02:59:41] STAGE: 9 tactics -> adding "defense_impairment (base)"  tactics=['privilege_escalation', 'command_and_control', 'credential_access', 'execution', 'initial_access', 'lateral_movement', 'persistence', 'stealth', 'defense_impairment']
[2026-08-08 02:59:41] ================================================================================
[2026-08-08 02:59:43] [9t][template][main.py] :: RUNNING: /csse/research/contructive-learning/.venv/bin/python3 main.py --split-seed 1 --test-size 0.1 --run-tag seed1_9tactic --force
[9t][template][main.py] | Stage 1 / 6 — group_by_tactic (rebuild grouped_by_tactic/ from MITRE mapping)
[9t][template][main.py] | 
[9t][template][main.py] | Grouped 124 technique-tactic placements across 14 tactics.
[9t][template][main.py] |   collection             9 techniques
[9t][template][main.py] |   command_and_control    7 techniques
[9t][template][main.py] |   credential_access      9 techniques
[9t][template][main.py] |   defense_impairment     3 techniques
[9t][template][main.py] |   discovery              21 techniques
[9t][template][main.py] |   execution              12 techniques
[9t][template][main.py] |   exfiltration           1 techniques
[9t][template][main.py] |   impact                 6 techniques
[9t][template][main.py] |   initial_access         5 techniques
[9t][template][main.py] |   lateral_movement       7 techniques
[9t][template][main.py] |   persistence            14 techniques
[9t][template][main.py] |   privilege_escalation   10 techniques
[9t][template][main.py] |   reconnaissance         7 techniques
[9t][template][main.py] |   stealth                13 techniques
[9t][template][main.py] |   [cache] saved -> /csse/research/contructive-learning/CAM-LDS/cache/stage1_group_by_tactic.pkl
[9t][template][main.py] | 
[9t][template][main.py] | Stage 2 / 6 — step_tactic_lookup (build step_tactics.json)
[9t][template][main.py] | 
[9t][template][main.py] | Total distinct step names (with audit.log) : 159
[9t][template][main.py] |   step names appearing under 1 technique    : 116
[9t][template][main.py] |   step names appearing under 2+ techniques  : 43
[9t][template][main.py] | 
[9t][template][main.py] | All step names (showing first 20 of 159):
[9t][template][main.py] | 
[9t][template][main.py] |   step=1_pwnkit_sshkey-43
[9t][template][main.py] |     T1098-004    tactics=['persistence', 'privilege_escalation']
[9t][template][main.py] |     T1105-000    tactics=['command_and_control']
[9t][template][main.py] | 
[9t][template][main.py] |   step=1_pwnkit_sshkey-44
[9t][template][main.py] |     T1098-004    tactics=['persistence', 'privilege_escalation']
[9t][template][main.py] |     T1218-000    tactics=['stealth']
[9t][template][main.py] | 
[9t][template][main.py] |   step=1_cron_sshkey-30
[9t][template][main.py] |     T1098-004    tactics=['persistence', 'privilege_escalation']
[9t][template][main.py] | 
[9t][template][main.py] |   step=1_sudo_localaccount-53
[9t][template][main.py] |     T1548-003    tactics=['privilege_escalation']
[9t][template][main.py] | 
[9t][template][main.py] |   step=1_sudo_sshkey-54
[9t][template][main.py] |     T1548-003    tactics=['privilege_escalation']
[9t][template][main.py] | 
[9t][template][main.py] |   step=4-7
[9t][template][main.py] |     T1548-003    tactics=['privilege_escalation']
[9t][template][main.py] | 
[9t][template][main.py] |   step=1_sudo_pam-54
[9t][template][main.py] |     T1548-003    tactics=['privilege_escalation']
[9t][template][main.py] | 
[9t][template][main.py] |   step=1_sudo_sshkey-53
[9t][template][main.py] |     T1548-003    tactics=['privilege_escalation']
[9t][template][main.py] | 
[9t][template][main.py] |   step=1_sudo_localaccount-54
[9t][template][main.py] |     T1548-003    tactics=['privilege_escalation']
[9t][template][main.py] | 
[9t][template][main.py] |   step=4-8
[9t][template][main.py] |     T1548-003    tactics=['privilege_escalation']
[9t][template][main.py] | 
[9t][template][main.py] |   step=1_sudo_pam-53
[9t][template][main.py] |     T1548-003    tactics=['privilege_escalation']
[9t][template][main.py] | 
[9t][template][main.py] |   step=1_pwnkit_localaccount-36
[9t][template][main.py] |     T1068-000    tactics=['privilege_escalation']
[9t][template][main.py] | 
[9t][template][main.py] |   step=3_ssh_apt-2
[9t][template][main.py] |     T1078-002    tactics=['initial_access', 'persistence', 'privilege_escalation', 'stealth']
[9t][template][main.py] | 
[9t][template][main.py] |   step=3_ssh_apt-1
[9t][template][main.py] |     T1078-002    tactics=['initial_access', 'persistence', 'privilege_escalation', 'stealth']
[9t][template][main.py] |     T1110-001    tactics=['credential_access']
[9t][template][main.py] |     T1133-000    tactics=['initial_access', 'persistence']
[9t][template][main.py] | 
[9t][template][main.py] |   step=7-3
[9t][template][main.py] |     T1078-002    tactics=['initial_access', 'persistence', 'privilege_escalation', 'stealth']
[9t][template][main.py] |     T1110-001    tactics=['credential_access']
[9t][template][main.py] |     T1133-000    tactics=['initial_access', 'persistence']
[9t][template][main.py] | 
[9t][template][main.py] |   step=4-4
[9t][template][main.py] |     T1078-003    tactics=['initial_access', 'persistence', 'privilege_escalation', 'stealth']
[9t][template][main.py] | 
[9t][template][main.py] |   step=4-20
[9t][template][main.py] |     T1078-003    tactics=['initial_access', 'persistence', 'privilege_escalation', 'stealth']
[9t][template][main.py] | 
[9t][template][main.py] |   step=1_validaccount_localaccount-55
[9t][template][main.py] |     T1078-003    tactics=['initial_access', 'persistence', 'privilege_escalation', 'stealth']
[9t][template][main.py] | 
[9t][template][main.py] |   step=1_validaccount_localaccount-56
[9t][template][main.py] |     T1078-003    tactics=['initial_access', 'persistence', 'privilege_escalation', 'stealth']
[9t][template][main.py] | 
[9t][template][main.py] |   step=4-21
[9t][template][main.py] |     T1078-003    tactics=['initial_access', 'persistence', 'privilege_escalation', 'stealth']
[9t][template][main.py] | 
[9t][template][main.py] | Saved -> /csse/research/contructive-learning/CAM-LDS/scripts/step_tactics.json
[9t][template][main.py] |   [cache] saved -> /csse/research/contructive-learning/CAM-LDS/cache/stage2_step_tactic_lookup.pkl
[9t][template][main.py] | 
[9t][template][main.py] | Stage 3 / 6 — parse_audit (audit.log -> parsed events + subgraphs)
[9t][template][main.py] | 
[9t][template][main.py] | [privilege_escalation] T1053-000    1_cron_localaccount-32       videoserver  →   72 events
[9t][template][main.py] | [privilege_escalation] T1053-003    3_ssh_apt-16                 reposerver   →    5 events
[9t][template][main.py] | [privilege_escalation] T1053-003    6_macro_binary-20            client       →  150 events
[9t][template][main.py] | [privilege_escalation] T1053-003    6_macro_binary-21            client       →   15 events
[9t][template][main.py] | [privilege_escalation] T1053-003    6_macro_binary-22            client       →   18 events
[9t][template][main.py] | [privilege_escalation] T1053-003    6_macro_cron-24              client       →   15 events
[9t][template][main.py] | [privilege_escalation] T1053-003    7-10                         docker       →  256 events
[9t][template][main.py] | [privilege_escalation] T1068-000    1_pwnkit_localaccount-36     videoserver  →   13 events
[9t][template][main.py] | [privilege_escalation] T1078-002    3_ssh_apt-1                  reposerver   →  852 events
[9t][template][main.py] | [privilege_escalation] T1078-002    3_ssh_apt-2                  reposerver   →  336 events
[9t][template][main.py] | [privilege_escalation] T1078-002    7-3                          docker       →  386 events
[9t][template][main.py] | [privilege_escalation] T1078-003    1_validaccount_localaccount-55 videoserver  →    1 events
[9t][template][main.py] | [privilege_escalation] T1078-003    1_validaccount_localaccount-56 videoserver  →   93 events
[9t][template][main.py] | [privilege_escalation] T1078-003    3_ssh_apt-4                  reposerver   →   48 events
[9t][template][main.py] | [privilege_escalation] T1078-003    3_ssh_apt-5                  reposerver   →    3 events
[9t][template][main.py] | [privilege_escalation] T1078-003    3_ssh_puppet-37              reposerver   →  336 events
[9t][template][main.py] | [privilege_escalation] T1078-003    4-19                         reposerver   →  205 events
[9t][template][main.py] | [privilege_escalation] T1078-003    4-20                         linuxshare   →    8 events
[9t][template][main.py] | [privilege_escalation] T1078-003    4-21                         linuxshare   →   80 events
[9t][template][main.py] | [privilege_escalation] T1078-003    4-3                          reposerver   →  750 events
[9t][template][main.py] | [privilege_escalation] T1078-003    4-4                          reposerver   →  336 events
[9t][template][main.py] | [privilege_escalation] T1078-003    4-5                          reposerver   →   81 events
[9t][template][main.py] | [privilege_escalation] T1078-003    4-6                          linuxshare   →   42 events
[9t][template][main.py] | [privilege_escalation] T1098-004    1_cron_sshkey-30             videoserver  →   16 events
[9t][template][main.py] | [privilege_escalation] T1098-004    1_pwnkit_sshkey-43           videoserver  →    2 events
[9t][template][main.py] | [privilege_escalation] T1098-004    1_pwnkit_sshkey-44           videoserver  →    8 events
[9t][template][main.py] | [privilege_escalation] T1543-002    2_rootkit-26                 videoserver  →    3 events
[9t][template][main.py] | [privilege_escalation] T1543-002    2_rootkit-28                 videoserver  →   28 events
[9t][template][main.py] | [privilege_escalation] T1543-002    2_rootkit-29                 videoserver  →  197 events
[9t][template][main.py] | [privilege_escalation] T1543-002    4-12                         inetfw       →    1 events
[9t][template][main.py] | [privilege_escalation] T1543-002    4-13                         linuxshare   →   11 events
[9t][template][main.py] | [privilege_escalation] T1543-002    4-14                         inetfw       →   43 events
[9t][template][main.py] | [privilege_escalation] T1543-002    4-15                         inetfw       →   22 events
[9t][template][main.py] | [privilege_escalation] T1546-000    1_racecondition_localaccount-48 videoserver  →    2 events
[9t][template][main.py] | [privilege_escalation] T1546-000    1_racecondition_localaccount-49 videoserver  →   11 events
[9t][template][main.py] | [privilege_escalation] T1546-000    1_racecondition_localaccount-50 videoserver  →   28 events
[9t][template][main.py] | [privilege_escalation] T1546-000    1_racecondition_localaccount-52 inetfw       →   10 events
[9t][template][main.py] | [privilege_escalation] T1546-000    6_macro_binary-12            client       →   23 events
[9t][template][main.py] | [privilege_escalation] T1547-000    1_autostart_localaccount-15  videoserver  →  198 events
[9t][template][main.py] | [privilege_escalation] T1547-000    1_autostart_localaccount-16  videoserver  →  275 events
[9t][template][main.py] | [privilege_escalation] T1547-000    2_cron-4                     videoserver  →    5 events
[9t][template][main.py] | [privilege_escalation] T1548-003    1_sudo_localaccount-53       videoserver  →   14 events
[9t][template][main.py] | [privilege_escalation] T1548-003    1_sudo_localaccount-54       videoserver  →    3 events
[9t][template][main.py] | [privilege_escalation] T1548-003    1_sudo_pam-53                videoserver  →   14 events
[9t][template][main.py] | [privilege_escalation] T1548-003    1_sudo_pam-54                videoserver  →    3 events
[9t][template][main.py] | [privilege_escalation] T1548-003    1_sudo_sshkey-53             videoserver  →   14 events
[9t][template][main.py] | [privilege_escalation] T1548-003    1_sudo_sshkey-54             inetfw       →    6 events
[9t][template][main.py] | [privilege_escalation] T1548-003    4-7                          inetfw       →    6 events
[9t][template][main.py] | [privilege_escalation] T1548-003    4-8                          inetfw       →   34 events
[9t][template][main.py] | [command_and_control ] T1071-001    2_cron-2                     videoserver  →   12 events
[9t][template][main.py] | [command_and_control ] T1071-001    3_ssh_apt-16                 reposerver   →    5 events
[9t][template][main.py] | [command_and_control ] T1071-001    4-16                         inetfw       →   35 events
[9t][template][main.py] | [command_and_control ] T1095-000    7-6                          docker       →   46 events
[9t][template][main.py] | [command_and_control ] T1105-000    1_pwnkit_localaccount-35     videoserver  →    2 events
[9t][template][main.py] | [command_and_control ] T1105-000    1_pwnkit_localaccount-38     videoserver  →    2 events
[9t][template][main.py] | [command_and_control ] T1105-000    1_pwnkit_pam-41              videoserver  →    2 events
[9t][template][main.py] | [command_and_control ] T1105-000    1_pwnkit_sshkey-43           videoserver  →    2 events
[9t][template][main.py] | [command_and_control ] T1105-000    2_cron-19                    videoserver  →    4 events
[9t][template][main.py] | [command_and_control ] T1105-000    2_cron-3                     videoserver  →   10 events
[9t][template][main.py] | [command_and_control ] T1105-000    2_rootkit-23                 videoserver  →    8 events
[9t][template][main.py] | [command_and_control ] T1105-000    3_ssh_apt-16                 reposerver   →    5 events
[9t][template][main.py] | [command_and_control ] T1105-000    3_ssh_apt-25                 linuxshare   →    2 events
[9t][template][main.py] | [command_and_control ] T1105-000    3_ssh_puppet-40              linuxshare   →  148 events
[9t][template][main.py] | [command_and_control ] T1105-000    3_vnc_puppet-60              linuxshare   →   91 events
[9t][template][main.py] | [command_and_control ] T1105-000    4-3                          reposerver   →  750 events
[9t][template][main.py] | [command_and_control ] T1105-000    6_macro_binary-1             client       →    2 events
[9t][template][main.py] | [command_and_control ] T1105-000    6_macro_binary-11            client       →   85 events
[9t][template][main.py] | [command_and_control ] T1105-000    6_screensharing_binary-14    client       →    2 events
[9t][template][main.py] | [command_and_control ] T1105-000    6_screensharing_binary-39    videoserver  →   36 events
[9t][template][main.py] | [command_and_control ] T1105-000    6_screensharing_binary-4     client       → 1885 events
[9t][template][main.py] | [command_and_control ] T1105-000    6_screensharing_binary-49    client       →    2 events
[9t][template][main.py] | [command_and_control ] T1105-000    6_screensharing_binary-53    client       →    2 events
[9t][template][main.py] | [command_and_control ] T1205-001    4-16                         inetfw       →   35 events
[9t][template][main.py] | [command_and_control ] T1205-001    4-3                          reposerver   →  750 events
[9t][template][main.py] | [command_and_control ] T1205-001    4-9                          inetfw       →   29 events
[9t][template][main.py] | [command_and_control ] T1219-000    6_screensharing_binary-41    client       → 2754 events
[9t][template][main.py] | [command_and_control ] T1219-000    6_screensharing_binary-43    client       →   37 events
[9t][template][main.py] | [command_and_control ] T1219-000    6_screensharing_binary-44    videoserver  →   12 events
[9t][template][main.py] | [command_and_control ] T1219-000    6_screensharing_binary-45    client       →   71 events
[9t][template][main.py] | [command_and_control ] T1219-000    6_screensharing_binary-46    client       →   32 events
[9t][template][main.py] | [command_and_control ] T1219-000    6_screensharing_binary-47    client       →   12 events
[9t][template][main.py] | [command_and_control ] T1219-000    6_screensharing_binary-49    client       →    2 events
[9t][template][main.py] | [command_and_control ] T1219-000    6_screensharing_binary-51    client       →   23 events
[9t][template][main.py] | [command_and_control ] T1219-000    6_screensharing_binary-53    client       →    2 events
[9t][template][main.py] | [command_and_control ] T1219-000    6_screensharing_binary-57    client       →    2 events
[9t][template][main.py] | [command_and_control ] T1219-000    6_screensharing_binary-59    client       →  452 events
[9t][template][main.py] | [command_and_control ] T1573-001    2_cron-2                     videoserver  →   12 events
[9t][template][main.py] | [credential_access   ] T1003-000    2_cron-8                     videoserver  →    3 events
[9t][template][main.py] | [credential_access   ] T1003-008    2_cron-11                    videoserver  →   17 events
[9t][template][main.py] | [credential_access   ] T1003-008    2_cron-17                    videoserver  →    4 events
[9t][template][main.py] | [credential_access   ] T1003-008    3_ssh_puppet-6               reposerver   →    2 events
[9t][template][main.py] | [credential_access   ] T1003-008    3_vnc_apt-45                 reposerver   →    2 events
[9t][template][main.py] | [credential_access   ] T1003-008    7-13                         docker       →   30 events
[9t][template][main.py] | [credential_access   ] T1040-000    3_ssh_apt-3                  reposerver   →  436 events
[9t][template][main.py] | [credential_access   ] T1040-000    5-2                          videoserver  →   53 events
[9t][template][main.py] | [credential_access   ] T1056-001    6_plugin-26                  client       → 2841 events
[9t][template][main.py] | [credential_access   ] T1056-001    6_plugin-28                  client       → 3712 events
[9t][template][main.py] | [credential_access   ] T1056-001    6_plugin-29                  client       →   16 events
[9t][template][main.py] | [credential_access   ] T1056-001    6_plugin-30                  client       →    3 events
[9t][template][main.py] | [credential_access   ] T1056-001    6_plugin-31                  client       →    5 events
[9t][template][main.py] | [credential_access   ] T1056-001    6_plugin-32                  client       →   36 events
[9t][template][main.py] | [credential_access   ] T1056-001    6_plugin-33                  client       →    5 events
[9t][template][main.py] | [credential_access   ] T1056-001    6_plugin-34                  client       →    6 events
[9t][template][main.py] | [credential_access   ] T1056-004    6_plugin-26                  client       → 2841 events
[9t][template][main.py] | [credential_access   ] T1056-004    6_plugin-28                  client       → 3712 events
[9t][template][main.py] | [credential_access   ] T1056-004    6_plugin-29                  client       →   16 events
[9t][template][main.py] | [credential_access   ] T1056-004    6_plugin-30                  client       →    3 events
[9t][template][main.py] | [credential_access   ] T1056-004    6_plugin-33                  client       →    5 events
[9t][template][main.py] | [credential_access   ] T1056-004    6_plugin-34                  client       →    6 events
[9t][template][main.py] | [credential_access   ] T1056-004    6_plugin-35                  client       →   33 events
[9t][template][main.py] | [credential_access   ] T1110-001    3_ssh_apt-1                  reposerver   →  852 events
[9t][template][main.py] | [credential_access   ] T1110-001    3_vnc_healthcheck-55         linuxshare   →  264 events
[9t][template][main.py] | [credential_access   ] T1110-001    3_vnc_puppet-58              linuxshare   →  252 events
[9t][template][main.py] | [credential_access   ] T1110-001    7-3                          docker       →  386 events
[9t][template][main.py] | [credential_access   ] T1528-000    5-2                          videoserver  →   53 events
[9t][template][main.py] | [credential_access   ] T1556-003    1_pwnkit_pam-41              videoserver  →    2 events
[9t][template][main.py] | [credential_access   ] T1556-003    1_pwnkit_pam-42              videoserver  →   11 events
[9t][template][main.py] | [execution           ] T1053-000    1_cron_localaccount-32       videoserver  →   72 events
[9t][template][main.py] | [execution           ] T1053-003    3_ssh_apt-16                 reposerver   →    5 events
[9t][template][main.py] | [execution           ] T1053-003    6_screensharing_cron-20      client       →    8 events
[9t][template][main.py] | [execution           ] T1053-003    6_screensharing_cron-21      videoserver  →   13 events
[9t][template][main.py] | [execution           ] T1053-003    6_screensharing_cron-22      client       →   60 events
[9t][template][main.py] | [execution           ] T1053-003    6_screensharing_cron-24      client       →   10 events
[9t][template][main.py] | [execution           ] T1053-003    7-10                         docker       →  256 events
[9t][template][main.py] | [execution           ] T1059-000    1_autostart_localaccount-10  videoserver  →    1 events
[9t][template][main.py] | [execution           ] T1059-000    1_autostart_localaccount-12  videoserver  →    1 events
[9t][template][main.py] | [execution           ] T1059-000    1_autostart_localaccount-7   videoserver  →    2 events
[9t][template][main.py] | [execution           ] T1059-000    1_cron_localaccount-33       videoserver  →    1 events
[9t][template][main.py] | [execution           ] T1059-000    1_racecondition_localaccount-46 videoserver  →    1 events
[9t][template][main.py] | [execution           ] T1059-000    3_ssh_apt-14                 reposerver   →    3 events
[9t][template][main.py] | [execution           ] T1059-000    3_ssh_apt-19                 linuxshare   →   73 events
[9t][template][main.py] | [execution           ] T1059-000    3_ssh_apt-20                 linuxshare   →    2 events
[9t][template][main.py] | [execution           ] T1059-000    3_ssh_apt-23                 linuxshare   →    1 events
[9t][template][main.py] | [execution           ] T1059-004    3_ssh_apt-10                 reposerver   →  651 events
[9t][template][main.py] | [execution           ] T1059-004    3_ssh_puppet-40              linuxshare   →  148 events
[9t][template][main.py] | [execution           ] T1059-004    3_vnc_apt-49                 linuxshare   →  270 events
[9t][template][main.py] | [execution           ] T1059-004    3_vnc_puppet-60              linuxshare   →   91 events
[9t][template][main.py] | [execution           ] T1059-004    6_macro_binary-5             client       →    5 events
[9t][template][main.py] | [execution           ] T1059-004    6_macro_binary-6             client       →  181 events
[9t][template][main.py] | [execution           ] T1059-004    6_macro_binary-9             client       →   20 events
[9t][template][main.py] | [execution           ] T1059-004    6_screensharing_binary-59    client       →  452 events
[9t][template][main.py] | [execution           ] T1059-004    7-6                          docker       →   46 events
[9t][template][main.py] | [execution           ] T1059-006    1_autostart_localaccount-5   videoserver  →   31 events
[9t][template][main.py] | [execution           ] T1072-000    3_ssh_apt-17                 reposerver   →   11 events
[9t][template][main.py] | [execution           ] T1072-000    3_ssh_apt-18                 linuxshare   →  736 events
[9t][template][main.py] | [execution           ] T1072-000    3_ssh_puppet-40              linuxshare   →  148 events
[9t][template][main.py] | [execution           ] T1072-000    3_vnc_apt-54                 linuxshare   →  600 events
[9t][template][main.py] | [execution           ] T1072-000    3_vnc_puppet-60              linuxshare   →   91 events
[9t][template][main.py] | [execution           ] T1204-001    6_screensharing_binary-39    videoserver  →   36 events
[9t][template][main.py] | [execution           ] T1204-001    6_screensharing_binary-41    client       → 2754 events
[9t][template][main.py] | [execution           ] T1204-002    6_macro_binary-1             client       →    2 events
[9t][template][main.py] | [execution           ] T1204-002    6_macro_binary-2             client       →  409 events
[9t][template][main.py] | [execution           ] T1569-000    2_cron-4                     videoserver  →    5 events
[9t][template][main.py] | [execution           ] T1574-000    2_rootkit-27                 videoserver  →    3 events
[9t][template][main.py] | [execution           ] T1574-000    3_ssh_apt-12                 reposerver   →   43 events
[9t][template][main.py] | [execution           ] T1574-000    3_ssh_apt-14                 reposerver   →    3 events
[9t][template][main.py] | [execution           ] T1574-000    3_vnc_apt-51                 reposerver   →    9 events
[9t][template][main.py] | [execution           ] T1574-008    6_macro_binary-12            client       →   23 events
[9t][template][main.py] | [execution           ] T1574-008    6_screensharing_binary-57    client       →    2 events
[9t][template][main.py] | [execution           ] T1610-000    7-10                         docker       →  256 events
[9t][template][main.py] | [initial_access      ] T1078-002    3_ssh_apt-1                  reposerver   →  852 events
[9t][template][main.py] | [initial_access      ] T1078-002    3_ssh_apt-2                  reposerver   →  336 events
[9t][template][main.py] | [initial_access      ] T1078-002    7-3                          docker       →  386 events
[9t][template][main.py] | [initial_access      ] T1078-003    1_validaccount_localaccount-55 videoserver  →    1 events
[9t][template][main.py] | [initial_access      ] T1078-003    1_validaccount_localaccount-56 videoserver  →   93 events
[9t][template][main.py] | [initial_access      ] T1078-003    3_ssh_apt-4                  reposerver   →   48 events
[9t][template][main.py] | [initial_access      ] T1078-003    3_ssh_apt-5                  reposerver   →    3 events
[9t][template][main.py] | [initial_access      ] T1078-003    3_ssh_puppet-37              reposerver   →  336 events
[9t][template][main.py] | [initial_access      ] T1078-003    4-19                         reposerver   →  205 events
[9t][template][main.py] | [initial_access      ] T1078-003    4-20                         linuxshare   →    8 events
[9t][template][main.py] | [initial_access      ] T1078-003    4-21                         linuxshare   →   80 events
[9t][template][main.py] | [initial_access      ] T1078-003    4-3                          reposerver   →  750 events
[9t][template][main.py] | [initial_access      ] T1078-003    4-4                          reposerver   →  336 events
[9t][template][main.py] | [initial_access      ] T1078-003    4-5                          reposerver   →   81 events
[9t][template][main.py] | [initial_access      ] T1078-003    4-6                          linuxshare   →   42 events
[9t][template][main.py] | [initial_access      ] T1133-000    3_ssh_apt-1                  reposerver   →  852 events
[9t][template][main.py] | [initial_access      ] T1133-000    7-3                          docker       →  386 events
[9t][template][main.py] | [initial_access      ] T1190-000    1_autostart_localaccount-5   videoserver  →   31 events
[9t][template][main.py] | [initial_access      ] T1190-000    7-6                          docker       →   46 events
[9t][template][main.py] | [initial_access      ] T1566-004    6_screensharing_binary-39    videoserver  →   36 events
[9t][template][main.py] | [initial_access      ] T1566-004    6_screensharing_binary-43    client       →   37 events
[9t][template][main.py] | [initial_access      ] T1566-004    6_screensharing_binary-44    videoserver  →   12 events
[9t][template][main.py] | [lateral_movement    ] T1021-000    2_rootkit-22                 videoserver  →   80 events
[9t][template][main.py] | [lateral_movement    ] T1021-004    2_cron-1                     videoserver  →   80 events
[9t][template][main.py] | [lateral_movement    ] T1021-005    3_vnc_apt-43                 linuxshare   →  137 events
[9t][template][main.py] | [lateral_movement    ] T1021-005    3_vnc_healthcheck-55         linuxshare   →  264 events
[9t][template][main.py] | [lateral_movement    ] T1021-005    3_vnc_puppet-58              linuxshare   →  252 events
[9t][template][main.py] | [lateral_movement    ] T1072-000    3_ssh_apt-17                 reposerver   →   11 events
[9t][template][main.py] | [lateral_movement    ] T1072-000    3_ssh_apt-18                 linuxshare   →  736 events
[9t][template][main.py] | [lateral_movement    ] T1072-000    3_ssh_puppet-40              linuxshare   →  148 events
[9t][template][main.py] | [lateral_movement    ] T1072-000    3_vnc_apt-54                 linuxshare   →  600 events
[9t][template][main.py] | [lateral_movement    ] T1072-000    3_vnc_puppet-60              linuxshare   →   91 events
[9t][template][main.py] | [lateral_movement    ] T1080-000    3_ssh_healthcheck-34         reposerver   →    8 events
[9t][template][main.py] | [lateral_movement    ] T1210-000    7-10                         docker       →  256 events
[9t][template][main.py] | [lateral_movement    ] T1550-001    5-3                          videoserver  →    2 events
[9t][template][main.py] | [persistence         ] T1053-000    1_cron_localaccount-32       videoserver  →   72 events
[9t][template][main.py] | [persistence         ] T1053-003    3_ssh_apt-16                 reposerver   →    5 events
[9t][template][main.py] | [persistence         ] T1053-003    6_macro_binary-20            client       →  150 events
[9t][template][main.py] | [persistence         ] T1053-003    6_macro_binary-21            client       →   15 events
[9t][template][main.py] | [persistence         ] T1053-003    6_macro_binary-22            client       →   18 events
[9t][template][main.py] | [persistence         ] T1053-003    6_macro_cron-24              client       →   15 events
[9t][template][main.py] | [persistence         ] T1053-003    7-10                         docker       →  256 events
[9t][template][main.py] | [persistence         ] T1078-002    3_ssh_apt-1                  reposerver   →  852 events
[9t][template][main.py] | [persistence         ] T1078-002    3_ssh_apt-2                  reposerver   →  336 events
[9t][template][main.py] | [persistence         ] T1078-002    7-3                          docker       →  386 events
[9t][template][main.py] | [persistence         ] T1078-003    1_validaccount_localaccount-55 videoserver  →    1 events
[9t][template][main.py] | [persistence         ] T1078-003    1_validaccount_localaccount-56 videoserver  →   93 events
[9t][template][main.py] | [persistence         ] T1078-003    3_ssh_apt-4                  reposerver   →   48 events
[9t][template][main.py] | [persistence         ] T1078-003    3_ssh_apt-5                  reposerver   →    3 events
[9t][template][main.py] | [persistence         ] T1078-003    3_ssh_puppet-37              reposerver   →  336 events
[9t][template][main.py] | [persistence         ] T1078-003    4-19                         reposerver   →  205 events
[9t][template][main.py] | [persistence         ] T1078-003    4-20                         linuxshare   →    8 events
[9t][template][main.py] | [persistence         ] T1078-003    4-21                         linuxshare   →   80 events
[9t][template][main.py] | [persistence         ] T1078-003    4-3                          reposerver   →  750 events
[9t][template][main.py] | [persistence         ] T1078-003    4-4                          reposerver   →  336 events
[9t][template][main.py] | [persistence         ] T1078-003    4-5                          reposerver   →   81 events
[9t][template][main.py] | [persistence         ] T1078-003    4-6                          linuxshare   →   42 events
[9t][template][main.py] | [persistence         ] T1098-004    1_pwnkit_sshkey-43           videoserver  →    2 events
[9t][template][main.py] | [persistence         ] T1098-004    1_pwnkit_sshkey-44           videoserver  →    8 events
[9t][template][main.py] | [persistence         ] T1133-000    3_ssh_apt-1                  reposerver   →  852 events
[9t][template][main.py] | [persistence         ] T1133-000    7-3                          docker       →  386 events
[9t][template][main.py] | [persistence         ] T1136-001    1_pwnkit_localaccount-38     videoserver  →    2 events
[9t][template][main.py] | [persistence         ] T1136-001    1_pwnkit_localaccount-39     videoserver  →   30 events
[9t][template][main.py] | [persistence         ] T1176-000    6_plugin-26                  client       → 2841 events
[9t][template][main.py] | [persistence         ] T1176-000    6_plugin-28                  client       → 3712 events
[9t][template][main.py] | [persistence         ] T1176-000    6_plugin-29                  client       →   16 events
[9t][template][main.py] | [persistence         ] T1176-000    6_plugin-30                  client       →    3 events
[9t][template][main.py] | [persistence         ] T1205-001    4-16                         inetfw       →   35 events
[9t][template][main.py] | [persistence         ] T1205-001    4-3                          reposerver   →  750 events
[9t][template][main.py] | [persistence         ] T1205-001    4-9                          inetfw       →   29 events
[9t][template][main.py] | [persistence         ] T1525-000    7-10                         docker       →  256 events
[9t][template][main.py] | [persistence         ] T1543-002    2_rootkit-26                 videoserver  →    3 events
[9t][template][main.py] | [persistence         ] T1543-002    2_rootkit-28                 videoserver  →   28 events
[9t][template][main.py] | [persistence         ] T1543-002    2_rootkit-29                 videoserver  →  197 events
[9t][template][main.py] | [persistence         ] T1543-002    4-12                         inetfw       →    1 events
[9t][template][main.py] | [persistence         ] T1543-002    4-13                         linuxshare   →   11 events
[9t][template][main.py] | [persistence         ] T1543-002    4-14                         inetfw       →   43 events
[9t][template][main.py] | [persistence         ] T1543-002    4-15                         inetfw       →   22 events
[9t][template][main.py] | [persistence         ] T1546-000    1_racecondition_localaccount-48 videoserver  →    2 events
[9t][template][main.py] | [persistence         ] T1546-000    1_racecondition_localaccount-49 videoserver  →   11 events
[9t][template][main.py] | [persistence         ] T1546-000    1_racecondition_localaccount-50 videoserver  →   28 events
[9t][template][main.py] | [persistence         ] T1546-000    1_racecondition_localaccount-52 inetfw       →   10 events
[9t][template][main.py] | [persistence         ] T1546-000    6_macro_binary-12            client       →   23 events
[9t][template][main.py] | [persistence         ] T1547-000    1_autostart_localaccount-15  videoserver  →  198 events
[9t][template][main.py] | [persistence         ] T1547-000    1_autostart_localaccount-16  videoserver  →  275 events
[9t][template][main.py] | [persistence         ] T1547-000    2_cron-4                     videoserver  →    5 events
[9t][template][main.py] | [persistence         ] T1556-003    1_cron_pam-29                videoserver  →    7 events
[9t][template][main.py] | [persistence         ] T1556-003    1_pwnkit_pam-41              videoserver  →    2 events
[9t][template][main.py] | [persistence         ] T1556-003    1_pwnkit_pam-42              videoserver  →   11 events
[9t][template][main.py] | [stealth             ] T1014-000    2_rootkit-27                 videoserver  →    3 events
[9t][template][main.py] | [stealth             ] T1036-005    3_ssh_apt-11                 reposerver   →    1 events
[9t][template][main.py] | [stealth             ] T1036-005    3_vnc_apt-50                 reposerver   →    1 events
[9t][template][main.py] | [stealth             ] T1036-005    4-16                         inetfw       →   35 events
[9t][template][main.py] | [stealth             ] T1036-005    4-9                          inetfw       →   29 events
[9t][template][main.py] | [stealth             ] T1070-003    6_macro_binary-23            client       →    7 events
[9t][template][main.py] | [stealth             ] T1070-004    1_cron_localaccount-34       videoserver  →    2 events
[9t][template][main.py] | [stealth             ] T1070-004    1_pwnkit_localaccount-40     videoserver  →    3 events
[9t][template][main.py] | [stealth             ] T1070-004    2_cron-14                    videoserver  →    4 events
[9t][template][main.py] | [stealth             ] T1070-004    4-10                         inetfw       →    2 events
[9t][template][main.py] | [stealth             ] T1078-002    3_ssh_apt-1                  reposerver   →  852 events
[9t][template][main.py] | [stealth             ] T1078-002    3_ssh_apt-2                  reposerver   →  336 events
[9t][template][main.py] | [stealth             ] T1078-002    7-3                          docker       →  386 events
[9t][template][main.py] | [stealth             ] T1078-003    1_validaccount_localaccount-55 videoserver  →    1 events
[9t][template][main.py] | [stealth             ] T1078-003    1_validaccount_localaccount-56 videoserver  →   93 events
[9t][template][main.py] | [stealth             ] T1078-003    3_ssh_apt-4                  reposerver   →   48 events
[9t][template][main.py] | [stealth             ] T1078-003    3_ssh_apt-5                  reposerver   →    3 events
[9t][template][main.py] | [stealth             ] T1078-003    3_ssh_puppet-37              reposerver   →  336 events
[9t][template][main.py] | [stealth             ] T1078-003    4-19                         reposerver   →  205 events
[9t][template][main.py] | [stealth             ] T1078-003    4-20                         linuxshare   →    8 events
[9t][template][main.py] | [stealth             ] T1078-003    4-21                         linuxshare   →   80 events
[9t][template][main.py] | [stealth             ] T1078-003    4-3                          reposerver   →  750 events
[9t][template][main.py] | [stealth             ] T1078-003    4-4                          reposerver   →  336 events
[9t][template][main.py] | [stealth             ] T1078-003    4-5                          reposerver   →   81 events
[9t][template][main.py] | [stealth             ] T1078-003    4-6                          linuxshare   →   42 events
[9t][template][main.py] | [stealth             ] T1205-001    4-16                         inetfw       →   35 events
[9t][template][main.py] | [stealth             ] T1205-001    4-3                          reposerver   →  750 events
[9t][template][main.py] | [stealth             ] T1205-001    4-9                          inetfw       →   29 events
[9t][template][main.py] | [stealth             ] T1218-000    1_pwnkit_localaccount-39     videoserver  →   30 events
[9t][template][main.py] | [stealth             ] T1218-000    1_pwnkit_pam-42              videoserver  →   11 events
[9t][template][main.py] | [stealth             ] T1218-000    1_pwnkit_sshkey-44           videoserver  →    8 events
[9t][template][main.py] | [stealth             ] T1497-001    1_cron_localaccount-28       videoserver  →   17 events
[9t][template][main.py] | [stealth             ] T1497-001    1_cron_pam-28                videoserver  →   17 events
[9t][template][main.py] | [stealth             ] T1497-001    1_cron_sshkey-28             videoserver  →    7 events
[9t][template][main.py] | [stealth             ] T1497-001    1_pwnkit_localaccount-28     videoserver  →   30 events
[9t][template][main.py] | [stealth             ] T1497-001    1_pwnkit_pam-28              videoserver  →   17 events
[9t][template][main.py] | [stealth             ] T1497-001    1_pwnkit_sshkey-28           videoserver  →    7 events
[9t][template][main.py] | [stealth             ] T1497-001    1_racecondition_localaccount-28 videoserver  →   20 events
[9t][template][main.py] | [stealth             ] T1497-001    1_racecondition_pam-28       videoserver  →   20 events
[9t][template][main.py] | [stealth             ] T1497-001    1_racecondition_sshkey-28    videoserver  →   11 events
[9t][template][main.py] | [stealth             ] T1497-001    1_sudo_localaccount-28       videoserver  →   17 events
[9t][template][main.py] | [stealth             ] T1497-001    1_sudo_pam-28                videoserver  →   17 events
[9t][template][main.py] | [stealth             ] T1497-001    1_sudo_sshkey-28             videoserver  →    7 events
[9t][template][main.py] | [stealth             ] T1497-001    1_validaccount_localaccount-28 videoserver  →   17 events
[9t][template][main.py] | [stealth             ] T1497-001    1_validaccount_pam-28        videoserver  →   17 events
[9t][template][main.py] | [stealth             ] T1497-001    1_validaccount_sshkey-28     videoserver  →    7 events
[9t][template][main.py] | [stealth             ] T1564-000    2_rootkit-27                 videoserver  →    3 events
[9t][template][main.py] | [stealth             ] T1564-001    3_ssh_apt-11                 reposerver   →    1 events
[9t][template][main.py] | [stealth             ] T1564-001    3_vnc_apt-50                 reposerver   →    1 events
[9t][template][main.py] | [stealth             ] T1564-001    6_macro_binary-16            client       →   31 events
[9t][template][main.py] | [stealth             ] T1564-001    6_screensharing_binary-49    client       →    2 events
[9t][template][main.py] | [stealth             ] T1574-000    2_rootkit-27                 videoserver  →    3 events
[9t][template][main.py] | [stealth             ] T1574-000    3_ssh_apt-12                 reposerver   →   43 events
[9t][template][main.py] | [stealth             ] T1574-000    3_ssh_apt-14                 reposerver   →    3 events
[9t][template][main.py] | [stealth             ] T1574-000    3_vnc_apt-51                 reposerver   →    9 events
[9t][template][main.py] | [stealth             ] T1574-008    6_macro_binary-12            client       →   23 events
[9t][template][main.py] | [stealth             ] T1574-008    6_screensharing_binary-57    client       →    2 events
[9t][template][main.py] | [defense_impairment  ] T1222-002    6_macro_binary-13            client       →   21 events
[9t][template][main.py] | [defense_impairment  ] T1222-002    6_macro_binary-17            client       →   21 events
[9t][template][main.py] | [defense_impairment  ] T1222-002    6_macro_binary-18            client       →   21 events
[9t][template][main.py] | [defense_impairment  ] T1222-002    6_screensharing_binary-51    client       →   23 events
[9t][template][main.py] | [defense_impairment  ] T1556-003    1_cron_pam-29                videoserver  →    7 events
[9t][template][main.py] | [defense_impairment  ] T1556-003    1_pwnkit_pam-41              videoserver  →    2 events
[9t][template][main.py] | [defense_impairment  ] T1556-003    1_pwnkit_pam-42              videoserver  →   11 events
[9t][template][main.py] | [defense_impairment  ] T1599-000    4-17                         inetfw       →   18 events
[9t][template][main.py] | [defense_impairment  ] T1599-000    4-18                         inetfw       →  350 events
[9t][template][main.py] | 
[9t][template][main.py] | Parsed 315 audit.log files, 62422 total events (83 non-primary host logs skipped).
[9t][template][main.py] | Event-type breakdown:
[9t][template][main.py] |   SYSCALL         58271
[9t][template][main.py] |   AVC             1171
[9t][template][main.py] |   USER_ACCT       357
[9t][template][main.py] |   USER_START      357
[9t][template][main.py] |   CRED_ACQ        314
[9t][template][main.py] |   CRED_DISP       292
[9t][template][main.py] |   USER_END        288
[9t][template][main.py] |   CRED_REFR       265
[9t][template][main.py] |   USER_LOGIN      237
[9t][template][main.py] |   BPF             170
[9t][template][main.py] |   LOGIN           152
[9t][template][main.py] |   USER_AUTH       148
[9t][template][main.py] |   NETFILTER_CFG   106
[9t][template][main.py] |   SERVICE_START   98
[9t][template][main.py] |   SERVICE_STOP    87
[9t][template][main.py] |   USER_CMD        78
[9t][template][main.py] |   ANOM_PROMISCUOUS 14
[9t][template][main.py] |   USER_ERR        7
[9t][template][main.py] |   ADD_USER        4
[9t][template][main.py] |   ANOM_ABEND      2
[9t][template][main.py] |   SYSTEM_SHUTDOWN 2
[9t][template][main.py] |   ADD_GROUP       2
[9t][template][main.py] |   [cache] saved -> /csse/research/contructive-learning/CAM-LDS/cache/stage3_parse_audit.pkl
[9t][template][main.py] | 
[9t][template][main.py] | Stage 4 / 6 — build_sequences (subgraphs -> sequences/)
[9t][template][main.py] | 
[9t][template][main.py] | Found 315 graph JSON files under /csse/research/contructive-learning/CAM-LDS/parser/subgraphs
[9t][template][main.py] | [command_and_control ] T1071-001    2_cron-2                            videoserver  n_triples=  12 -> /csse/research/contructive-learning/CAM-LDS/sequences/command_and_control/T1071-001/sequence_2_cron-2_videoserver.json
[9t][template][main.py] | [command_and_control ] T1071-001    3_ssh_apt-16                        reposerver   n_triples=   5 -> /csse/research/contructive-learning/CAM-LDS/sequences/command_and_control/T1071-001/sequence_3_ssh_apt-16_reposerver.json
[9t][template][main.py] | [command_and_control ] T1071-001    4-16                                inetfw       n_triples=  35 -> /csse/research/contructive-learning/CAM-LDS/sequences/command_and_control/T1071-001/sequence_4-16_inetfw.json
[9t][template][main.py] | [command_and_control ] T1095-000    7-6                                 docker       n_triples=  46 -> /csse/research/contructive-learning/CAM-LDS/sequences/command_and_control/T1095-000/sequence_7-6_docker-log.json
[9t][template][main.py] | [command_and_control ] T1105-000    1_pwnkit_localaccount-35            videoserver  n_triples=   2 -> /csse/research/contructive-learning/CAM-LDS/sequences/command_and_control/T1105-000/sequence_1_pwnkit_localaccount-35_videoserver.json
[9t][template][main.py] | [command_and_control ] T1105-000    1_pwnkit_localaccount-38            videoserver  n_triples=   2 -> /csse/research/contructive-learning/CAM-LDS/sequences/command_and_control/T1105-000/sequence_1_pwnkit_localaccount-38_videoserver.json
[9t][template][main.py] | [command_and_control ] T1105-000    1_pwnkit_pam-41                     videoserver  n_triples=   2 -> /csse/research/contructive-learning/CAM-LDS/sequences/command_and_control/T1105-000/sequence_1_pwnkit_pam-41_videoserver.json
[9t][template][main.py] | [command_and_control ] T1105-000    1_pwnkit_sshkey-43                  videoserver  n_triples=   2 -> /csse/research/contructive-learning/CAM-LDS/sequences/command_and_control/T1105-000/sequence_1_pwnkit_sshkey-43_videoserver.json
[9t][template][main.py] | [command_and_control ] T1105-000    2_cron-19                           videoserver  n_triples=   4 -> /csse/research/contructive-learning/CAM-LDS/sequences/command_and_control/T1105-000/sequence_2_cron-19_videoserver.json
[9t][template][main.py] | [command_and_control ] T1105-000    2_cron-3                            videoserver  n_triples=  10 -> /csse/research/contructive-learning/CAM-LDS/sequences/command_and_control/T1105-000/sequence_2_cron-3_videoserver.json
[9t][template][main.py] | [command_and_control ] T1105-000    2_rootkit-23                        videoserver  n_triples=   8 -> /csse/research/contructive-learning/CAM-LDS/sequences/command_and_control/T1105-000/sequence_2_rootkit-23_videoserver.json
[9t][template][main.py] | [command_and_control ] T1105-000    3_ssh_apt-16                        reposerver   n_triples=   5 -> /csse/research/contructive-learning/CAM-LDS/sequences/command_and_control/T1105-000/sequence_3_ssh_apt-16_reposerver.json
[9t][template][main.py] | [command_and_control ] T1105-000    3_ssh_apt-25                        linuxshare   n_triples=   2 -> /csse/research/contructive-learning/CAM-LDS/sequences/command_and_control/T1105-000/sequence_3_ssh_apt-25_linuxshare.json
[9t][template][main.py] | [command_and_control ] T1105-000    3_ssh_puppet-40                     linuxshare   n_triples= 148 -> /csse/research/contructive-learning/CAM-LDS/sequences/command_and_control/T1105-000/sequence_3_ssh_puppet-40_linuxshare.json
[9t][template][main.py] | [command_and_control ] T1105-000    3_vnc_puppet-60                     linuxshare   n_triples=  91 -> /csse/research/contructive-learning/CAM-LDS/sequences/command_and_control/T1105-000/sequence_3_vnc_puppet-60_linuxshare.json
[9t][template][main.py] | [command_and_control ] T1105-000    4-3                                 reposerver   n_triples= 750 -> /csse/research/contructive-learning/CAM-LDS/sequences/command_and_control/T1105-000/sequence_4-3_reposerver.json
[9t][template][main.py] | [command_and_control ] T1105-000    6_macro_binary-11                   client       n_triples=  85 -> /csse/research/contructive-learning/CAM-LDS/sequences/command_and_control/T1105-000/sequence_6_macro_binary-11_client.json
[9t][template][main.py] | [command_and_control ] T1105-000    6_macro_binary-1                    client       n_triples=   2 -> /csse/research/contructive-learning/CAM-LDS/sequences/command_and_control/T1105-000/sequence_6_macro_binary-1_client.json
[9t][template][main.py] | [command_and_control ] T1105-000    6_screensharing_binary-14           client       n_triples=   2 -> /csse/research/contructive-learning/CAM-LDS/sequences/command_and_control/T1105-000/sequence_6_screensharing_binary-14_client.json
[9t][template][main.py] | [command_and_control ] T1105-000    6_screensharing_binary-39           videoserver  n_triples=  36 -> /csse/research/contructive-learning/CAM-LDS/sequences/command_and_control/T1105-000/sequence_6_screensharing_binary-39_videoserver.json
[9t][template][main.py] | [command_and_control ] T1105-000    6_screensharing_binary-49           client       n_triples=   2 -> /csse/research/contructive-learning/CAM-LDS/sequences/command_and_control/T1105-000/sequence_6_screensharing_binary-49_client.json
[9t][template][main.py] | [command_and_control ] T1105-000    6_screensharing_binary-4            client       n_triples=1885 -> /csse/research/contructive-learning/CAM-LDS/sequences/command_and_control/T1105-000/sequence_6_screensharing_binary-4_client.json
[9t][template][main.py] | [command_and_control ] T1105-000    6_screensharing_binary-53           client       n_triples=   2 -> /csse/research/contructive-learning/CAM-LDS/sequences/command_and_control/T1105-000/sequence_6_screensharing_binary-53_client.json
[9t][template][main.py] | [command_and_control ] T1205-001    4-16                                inetfw       n_triples=  35 -> /csse/research/contructive-learning/CAM-LDS/sequences/command_and_control/T1205-001/sequence_4-16_inetfw.json
[9t][template][main.py] | [command_and_control ] T1205-001    4-3                                 reposerver   n_triples= 750 -> /csse/research/contructive-learning/CAM-LDS/sequences/command_and_control/T1205-001/sequence_4-3_reposerver.json
[9t][template][main.py] | [command_and_control ] T1205-001    4-9                                 inetfw       n_triples=  29 -> /csse/research/contructive-learning/CAM-LDS/sequences/command_and_control/T1205-001/sequence_4-9_inetfw.json
[9t][template][main.py] | [command_and_control ] T1219-000    6_screensharing_binary-41           client       n_triples=2754 -> /csse/research/contructive-learning/CAM-LDS/sequences/command_and_control/T1219-000/sequence_6_screensharing_binary-41_client.json
[9t][template][main.py] | [command_and_control ] T1219-000    6_screensharing_binary-43           client       n_triples=  37 -> /csse/research/contructive-learning/CAM-LDS/sequences/command_and_control/T1219-000/sequence_6_screensharing_binary-43_client.json
[9t][template][main.py] | [command_and_control ] T1219-000    6_screensharing_binary-44           videoserver  n_triples=  12 -> /csse/research/contructive-learning/CAM-LDS/sequences/command_and_control/T1219-000/sequence_6_screensharing_binary-44_videoserver.json
[9t][template][main.py] | [command_and_control ] T1219-000    6_screensharing_binary-45           client       n_triples=  71 -> /csse/research/contructive-learning/CAM-LDS/sequences/command_and_control/T1219-000/sequence_6_screensharing_binary-45_client.json
[9t][template][main.py] | [command_and_control ] T1219-000    6_screensharing_binary-46           client       n_triples=  32 -> /csse/research/contructive-learning/CAM-LDS/sequences/command_and_control/T1219-000/sequence_6_screensharing_binary-46_client.json
[9t][template][main.py] | [command_and_control ] T1219-000    6_screensharing_binary-47           client       n_triples=  12 -> /csse/research/contructive-learning/CAM-LDS/sequences/command_and_control/T1219-000/sequence_6_screensharing_binary-47_client.json
[9t][template][main.py] | [command_and_control ] T1219-000    6_screensharing_binary-49           client       n_triples=   2 -> /csse/research/contructive-learning/CAM-LDS/sequences/command_and_control/T1219-000/sequence_6_screensharing_binary-49_client.json
[9t][template][main.py] | [command_and_control ] T1219-000    6_screensharing_binary-51           client       n_triples=  23 -> /csse/research/contructive-learning/CAM-LDS/sequences/command_and_control/T1219-000/sequence_6_screensharing_binary-51_client.json
[9t][template][main.py] | [command_and_control ] T1219-000    6_screensharing_binary-53           client       n_triples=   2 -> /csse/research/contructive-learning/CAM-LDS/sequences/command_and_control/T1219-000/sequence_6_screensharing_binary-53_client.json
[9t][template][main.py] | [command_and_control ] T1219-000    6_screensharing_binary-57           client       n_triples=   2 -> /csse/research/contructive-learning/CAM-LDS/sequences/command_and_control/T1219-000/sequence_6_screensharing_binary-57_client.json
[9t][template][main.py] | [command_and_control ] T1219-000    6_screensharing_binary-59           client       n_triples= 452 -> /csse/research/contructive-learning/CAM-LDS/sequences/command_and_control/T1219-000/sequence_6_screensharing_binary-59_client.json
[9t][template][main.py] | [command_and_control ] T1573-001    2_cron-2                            videoserver  n_triples=  12 -> /csse/research/contructive-learning/CAM-LDS/sequences/command_and_control/T1573-001/sequence_2_cron-2_videoserver.json
[9t][template][main.py] | [credential_access   ] T1003-000    2_cron-8                            videoserver  n_triples=   3 -> /csse/research/contructive-learning/CAM-LDS/sequences/credential_access/T1003-000/sequence_2_cron-8_videoserver.json
[9t][template][main.py] | [credential_access   ] T1003-008    2_cron-11                           videoserver  n_triples=  17 -> /csse/research/contructive-learning/CAM-LDS/sequences/credential_access/T1003-008/sequence_2_cron-11_videoserver.json
[9t][template][main.py] | [credential_access   ] T1003-008    2_cron-17                           videoserver  n_triples=   4 -> /csse/research/contructive-learning/CAM-LDS/sequences/credential_access/T1003-008/sequence_2_cron-17_videoserver.json
[9t][template][main.py] | [credential_access   ] T1003-008    3_ssh_puppet-6                      reposerver   n_triples=   2 -> /csse/research/contructive-learning/CAM-LDS/sequences/credential_access/T1003-008/sequence_3_ssh_puppet-6_reposerver.json
[9t][template][main.py] | [credential_access   ] T1003-008    3_vnc_apt-45                        reposerver   n_triples=   2 -> /csse/research/contructive-learning/CAM-LDS/sequences/credential_access/T1003-008/sequence_3_vnc_apt-45_reposerver.json
[9t][template][main.py] | [credential_access   ] T1003-008    7-13                                docker       n_triples=  30 -> /csse/research/contructive-learning/CAM-LDS/sequences/credential_access/T1003-008/sequence_7-13_docker.json
[9t][template][main.py] | [credential_access   ] T1040-000    3_ssh_apt-3                         reposerver   n_triples= 436 -> /csse/research/contructive-learning/CAM-LDS/sequences/credential_access/T1040-000/sequence_3_ssh_apt-3_reposerver.json
[9t][template][main.py] | [credential_access   ] T1040-000    5-2                                 videoserver  n_triples=  53 -> /csse/research/contructive-learning/CAM-LDS/sequences/credential_access/T1040-000/sequence_5-2_videoserver.json
[9t][template][main.py] | [credential_access   ] T1056-001    6_plugin-26                         client       n_triples=2841 -> /csse/research/contructive-learning/CAM-LDS/sequences/credential_access/T1056-001/sequence_6_plugin-26_client.json
[9t][template][main.py] | [credential_access   ] T1056-001    6_plugin-28                         client       n_triples=3712 -> /csse/research/contructive-learning/CAM-LDS/sequences/credential_access/T1056-001/sequence_6_plugin-28_client.json
[9t][template][main.py] | [credential_access   ] T1056-001    6_plugin-29                         client       n_triples=  16 -> /csse/research/contructive-learning/CAM-LDS/sequences/credential_access/T1056-001/sequence_6_plugin-29_client.json
[9t][template][main.py] | [credential_access   ] T1056-001    6_plugin-30                         client       n_triples=   3 -> /csse/research/contructive-learning/CAM-LDS/sequences/credential_access/T1056-001/sequence_6_plugin-30_client.json
[9t][template][main.py] | [credential_access   ] T1056-001    6_plugin-31                         client       n_triples=   5 -> /csse/research/contructive-learning/CAM-LDS/sequences/credential_access/T1056-001/sequence_6_plugin-31_client.json
[9t][template][main.py] | [credential_access   ] T1056-001    6_plugin-32                         client       n_triples=  36 -> /csse/research/contructive-learning/CAM-LDS/sequences/credential_access/T1056-001/sequence_6_plugin-32_client.json
[9t][template][main.py] | [credential_access   ] T1056-001    6_plugin-33                         client       n_triples=   5 -> /csse/research/contructive-learning/CAM-LDS/sequences/credential_access/T1056-001/sequence_6_plugin-33_client.json
[9t][template][main.py] | [credential_access   ] T1056-001    6_plugin-34                         client       n_triples=   6 -> /csse/research/contructive-learning/CAM-LDS/sequences/credential_access/T1056-001/sequence_6_plugin-34_client.json
[9t][template][main.py] | [credential_access   ] T1056-004    6_plugin-26                         client       n_triples=2841 -> /csse/research/contructive-learning/CAM-LDS/sequences/credential_access/T1056-004/sequence_6_plugin-26_client.json
[9t][template][main.py] | [credential_access   ] T1056-004    6_plugin-28                         client       n_triples=3712 -> /csse/research/contructive-learning/CAM-LDS/sequences/credential_access/T1056-004/sequence_6_plugin-28_client.json
[9t][template][main.py] | [credential_access   ] T1056-004    6_plugin-29                         client       n_triples=  16 -> /csse/research/contructive-learning/CAM-LDS/sequences/credential_access/T1056-004/sequence_6_plugin-29_client.json
[9t][template][main.py] | [credential_access   ] T1056-004    6_plugin-30                         client       n_triples=   3 -> /csse/research/contructive-learning/CAM-LDS/sequences/credential_access/T1056-004/sequence_6_plugin-30_client.json
[9t][template][main.py] | [credential_access   ] T1056-004    6_plugin-33                         client       n_triples=   5 -> /csse/research/contructive-learning/CAM-LDS/sequences/credential_access/T1056-004/sequence_6_plugin-33_client.json
[9t][template][main.py] | [credential_access   ] T1056-004    6_plugin-34                         client       n_triples=   6 -> /csse/research/contructive-learning/CAM-LDS/sequences/credential_access/T1056-004/sequence_6_plugin-34_client.json
[9t][template][main.py] | [credential_access   ] T1056-004    6_plugin-35                         client       n_triples=  33 -> /csse/research/contructive-learning/CAM-LDS/sequences/credential_access/T1056-004/sequence_6_plugin-35_client.json
[9t][template][main.py] | [credential_access   ] T1110-001    3_ssh_apt-1                         reposerver   n_triples= 852 -> /csse/research/contructive-learning/CAM-LDS/sequences/credential_access/T1110-001/sequence_3_ssh_apt-1_reposerver.json
[9t][template][main.py] | [credential_access   ] T1110-001    3_vnc_healthcheck-55                linuxshare   n_triples= 264 -> /csse/research/contructive-learning/CAM-LDS/sequences/credential_access/T1110-001/sequence_3_vnc_healthcheck-55_linuxshare.json
[9t][template][main.py] | [credential_access   ] T1110-001    3_vnc_puppet-58                     linuxshare   n_triples= 252 -> /csse/research/contructive-learning/CAM-LDS/sequences/credential_access/T1110-001/sequence_3_vnc_puppet-58_linuxshare.json
[9t][template][main.py] | [credential_access   ] T1110-001    7-3                                 docker       n_triples= 386 -> /csse/research/contructive-learning/CAM-LDS/sequences/credential_access/T1110-001/sequence_7-3_docker.json
[9t][template][main.py] | [credential_access   ] T1528-000    5-2                                 videoserver  n_triples=  53 -> /csse/research/contructive-learning/CAM-LDS/sequences/credential_access/T1528-000/sequence_5-2_videoserver.json
[9t][template][main.py] | [credential_access   ] T1556-003    1_pwnkit_pam-41                     videoserver  n_triples=   2 -> /csse/research/contructive-learning/CAM-LDS/sequences/credential_access/T1556-003/sequence_1_pwnkit_pam-41_videoserver.json
[9t][template][main.py] | [credential_access   ] T1556-003    1_pwnkit_pam-42                     videoserver  n_triples=  11 -> /csse/research/contructive-learning/CAM-LDS/sequences/credential_access/T1556-003/sequence_1_pwnkit_pam-42_videoserver.json
[9t][template][main.py] | [defense_impairment  ] T1222-002    6_macro_binary-13                   client       n_triples=  21 -> /csse/research/contructive-learning/CAM-LDS/sequences/defense_impairment/T1222-002/sequence_6_macro_binary-13_client.json
[9t][template][main.py] | [defense_impairment  ] T1222-002    6_macro_binary-17                   client       n_triples=  21 -> /csse/research/contructive-learning/CAM-LDS/sequences/defense_impairment/T1222-002/sequence_6_macro_binary-17_client.json
[9t][template][main.py] | [defense_impairment  ] T1222-002    6_macro_binary-18                   client       n_triples=  21 -> /csse/research/contructive-learning/CAM-LDS/sequences/defense_impairment/T1222-002/sequence_6_macro_binary-18_client.json
[9t][template][main.py] | [defense_impairment  ] T1222-002    6_screensharing_binary-51           client       n_triples=  23 -> /csse/research/contructive-learning/CAM-LDS/sequences/defense_impairment/T1222-002/sequence_6_screensharing_binary-51_client.json
[9t][template][main.py] | [defense_impairment  ] T1556-003    1_cron_pam-29                       videoserver  n_triples=   7 -> /csse/research/contructive-learning/CAM-LDS/sequences/defense_impairment/T1556-003/sequence_1_cron_pam-29_videoserver.json
[9t][template][main.py] | [defense_impairment  ] T1556-003    1_pwnkit_pam-41                     videoserver  n_triples=   2 -> /csse/research/contructive-learning/CAM-LDS/sequences/defense_impairment/T1556-003/sequence_1_pwnkit_pam-41_videoserver.json
[9t][template][main.py] | [defense_impairment  ] T1556-003    1_pwnkit_pam-42                     videoserver  n_triples=  11 -> /csse/research/contructive-learning/CAM-LDS/sequences/defense_impairment/T1556-003/sequence_1_pwnkit_pam-42_videoserver.json
[9t][template][main.py] | [defense_impairment  ] T1599-000    4-17                                inetfw       n_triples=  18 -> /csse/research/contructive-learning/CAM-LDS/sequences/defense_impairment/T1599-000/sequence_4-17_inetfw.json
[9t][template][main.py] | [defense_impairment  ] T1599-000    4-18                                inetfw       n_triples= 350 -> /csse/research/contructive-learning/CAM-LDS/sequences/defense_impairment/T1599-000/sequence_4-18_inetfw.json
[9t][template][main.py] | [execution           ] T1053-000    1_cron_localaccount-32              videoserver  n_triples=  72 -> /csse/research/contructive-learning/CAM-LDS/sequences/execution/T1053-000/sequence_1_cron_localaccount-32_videoserver.json
[9t][template][main.py] | [execution           ] T1053-003    3_ssh_apt-16                        reposerver   n_triples=   5 -> /csse/research/contructive-learning/CAM-LDS/sequences/execution/T1053-003/sequence_3_ssh_apt-16_reposerver.json
[9t][template][main.py] | [execution           ] T1053-003    6_screensharing_cron-20             client       n_triples=   8 -> /csse/research/contructive-learning/CAM-LDS/sequences/execution/T1053-003/sequence_6_screensharing_cron-20_client.json
[9t][template][main.py] | [execution           ] T1053-003    6_screensharing_cron-21             videoserver  n_triples=  13 -> /csse/research/contructive-learning/CAM-LDS/sequences/execution/T1053-003/sequence_6_screensharing_cron-21_videoserver.json
[9t][template][main.py] | [execution           ] T1053-003    6_screensharing_cron-22             client       n_triples=  60 -> /csse/research/contructive-learning/CAM-LDS/sequences/execution/T1053-003/sequence_6_screensharing_cron-22_client.json
[9t][template][main.py] | [execution           ] T1053-003    6_screensharing_cron-24             client       n_triples=  10 -> /csse/research/contructive-learning/CAM-LDS/sequences/execution/T1053-003/sequence_6_screensharing_cron-24_client.json
[9t][template][main.py] | [execution           ] T1053-003    7-10                                docker       n_triples= 256 -> /csse/research/contructive-learning/CAM-LDS/sequences/execution/T1053-003/sequence_7-10_docker.json
[9t][template][main.py] | [execution           ] T1059-000    1_autostart_localaccount-10         videoserver  n_triples=   1 -> /csse/research/contructive-learning/CAM-LDS/sequences/execution/T1059-000/sequence_1_autostart_localaccount-10_videoserver.json
[9t][template][main.py] | [execution           ] T1059-000    1_autostart_localaccount-12         videoserver  n_triples=   1 -> /csse/research/contructive-learning/CAM-LDS/sequences/execution/T1059-000/sequence_1_autostart_localaccount-12_videoserver.json
[9t][template][main.py] | [execution           ] T1059-000    1_autostart_localaccount-7          videoserver  n_triples=   2 -> /csse/research/contructive-learning/CAM-LDS/sequences/execution/T1059-000/sequence_1_autostart_localaccount-7_videoserver.json
[9t][template][main.py] | [execution           ] T1059-000    1_cron_localaccount-33              videoserver  n_triples=   1 -> /csse/research/contructive-learning/CAM-LDS/sequences/execution/T1059-000/sequence_1_cron_localaccount-33_videoserver.json
[9t][template][main.py] | [execution           ] T1059-000    1_racecondition_localaccount-46     videoserver  n_triples=   1 -> /csse/research/contructive-learning/CAM-LDS/sequences/execution/T1059-000/sequence_1_racecondition_localaccount-46_videoserver.json
[9t][template][main.py] | [execution           ] T1059-000    3_ssh_apt-14                        reposerver   n_triples=   3 -> /csse/research/contructive-learning/CAM-LDS/sequences/execution/T1059-000/sequence_3_ssh_apt-14_reposerver.json
[9t][template][main.py] | [execution           ] T1059-000    3_ssh_apt-19                        linuxshare   n_triples=  73 -> /csse/research/contructive-learning/CAM-LDS/sequences/execution/T1059-000/sequence_3_ssh_apt-19_linuxshare.json
[9t][template][main.py] | [execution           ] T1059-000    3_ssh_apt-20                        linuxshare   n_triples=   2 -> /csse/research/contructive-learning/CAM-LDS/sequences/execution/T1059-000/sequence_3_ssh_apt-20_linuxshare.json
[9t][template][main.py] | [execution           ] T1059-000    3_ssh_apt-23                        linuxshare   n_triples=   1 -> /csse/research/contructive-learning/CAM-LDS/sequences/execution/T1059-000/sequence_3_ssh_apt-23_linuxshare.json
[9t][template][main.py] | [execution           ] T1059-004    3_ssh_apt-10                        reposerver   n_triples= 651 -> /csse/research/contructive-learning/CAM-LDS/sequences/execution/T1059-004/sequence_3_ssh_apt-10_reposerver.json
[9t][template][main.py] | [execution           ] T1059-004    3_ssh_puppet-40                     linuxshare   n_triples= 148 -> /csse/research/contructive-learning/CAM-LDS/sequences/execution/T1059-004/sequence_3_ssh_puppet-40_linuxshare.json
[9t][template][main.py] | [execution           ] T1059-004    3_vnc_apt-49                        linuxshare   n_triples= 270 -> /csse/research/contructive-learning/CAM-LDS/sequences/execution/T1059-004/sequence_3_vnc_apt-49_linuxshare.json
[9t][template][main.py] | [execution           ] T1059-004    3_vnc_puppet-60                     linuxshare   n_triples=  91 -> /csse/research/contructive-learning/CAM-LDS/sequences/execution/T1059-004/sequence_3_vnc_puppet-60_linuxshare.json
[9t][template][main.py] | [execution           ] T1059-004    6_macro_binary-5                    client       n_triples=   5 -> /csse/research/contructive-learning/CAM-LDS/sequences/execution/T1059-004/sequence_6_macro_binary-5_client.json
[9t][template][main.py] | [execution           ] T1059-004    6_macro_binary-6                    client       n_triples= 181 -> /csse/research/contructive-learning/CAM-LDS/sequences/execution/T1059-004/sequence_6_macro_binary-6_client.json
[9t][template][main.py] | [execution           ] T1059-004    6_macro_binary-9                    client       n_triples=  20 -> /csse/research/contructive-learning/CAM-LDS/sequences/execution/T1059-004/sequence_6_macro_binary-9_client.json
[9t][template][main.py] | [execution           ] T1059-004    6_screensharing_binary-59           client       n_triples= 452 -> /csse/research/contructive-learning/CAM-LDS/sequences/execution/T1059-004/sequence_6_screensharing_binary-59_client.json
[9t][template][main.py] | [execution           ] T1059-004    7-6                                 docker       n_triples=  46 -> /csse/research/contructive-learning/CAM-LDS/sequences/execution/T1059-004/sequence_7-6_docker-log.json
[9t][template][main.py] | [execution           ] T1059-006    1_autostart_localaccount-5          videoserver  n_triples=  31 -> /csse/research/contructive-learning/CAM-LDS/sequences/execution/T1059-006/sequence_1_autostart_localaccount-5_videoserver.json
[9t][template][main.py] | [execution           ] T1072-000    3_ssh_apt-17                        reposerver   n_triples=  11 -> /csse/research/contructive-learning/CAM-LDS/sequences/execution/T1072-000/sequence_3_ssh_apt-17_reposerver.json
[9t][template][main.py] | [execution           ] T1072-000    3_ssh_apt-18                        linuxshare   n_triples= 736 -> /csse/research/contructive-learning/CAM-LDS/sequences/execution/T1072-000/sequence_3_ssh_apt-18_linuxshare.json
[9t][template][main.py] | [execution           ] T1072-000    3_ssh_puppet-40                     linuxshare   n_triples= 148 -> /csse/research/contructive-learning/CAM-LDS/sequences/execution/T1072-000/sequence_3_ssh_puppet-40_linuxshare.json
[9t][template][main.py] | [execution           ] T1072-000    3_vnc_apt-54                        linuxshare   n_triples= 600 -> /csse/research/contructive-learning/CAM-LDS/sequences/execution/T1072-000/sequence_3_vnc_apt-54_linuxshare.json
[9t][template][main.py] | [execution           ] T1072-000    3_vnc_puppet-60                     linuxshare   n_triples=  91 -> /csse/research/contructive-learning/CAM-LDS/sequences/execution/T1072-000/sequence_3_vnc_puppet-60_linuxshare.json
[9t][template][main.py] | [execution           ] T1204-001    6_screensharing_binary-39           videoserver  n_triples=  36 -> /csse/research/contructive-learning/CAM-LDS/sequences/execution/T1204-001/sequence_6_screensharing_binary-39_videoserver.json
[9t][template][main.py] | [execution           ] T1204-001    6_screensharing_binary-41           client       n_triples=2754 -> /csse/research/contructive-learning/CAM-LDS/sequences/execution/T1204-001/sequence_6_screensharing_binary-41_client.json
[9t][template][main.py] | [execution           ] T1204-002    6_macro_binary-1                    client       n_triples=   2 -> /csse/research/contructive-learning/CAM-LDS/sequences/execution/T1204-002/sequence_6_macro_binary-1_client.json
[9t][template][main.py] | [execution           ] T1204-002    6_macro_binary-2                    client       n_triples= 409 -> /csse/research/contructive-learning/CAM-LDS/sequences/execution/T1204-002/sequence_6_macro_binary-2_client.json
[9t][template][main.py] | [execution           ] T1569-000    2_cron-4                            videoserver  n_triples=   5 -> /csse/research/contructive-learning/CAM-LDS/sequences/execution/T1569-000/sequence_2_cron-4_videoserver.json
[9t][template][main.py] | [execution           ] T1574-000    2_rootkit-27                        videoserver  n_triples=   3 -> /csse/research/contructive-learning/CAM-LDS/sequences/execution/T1574-000/sequence_2_rootkit-27_videoserver.json
[9t][template][main.py] | [execution           ] T1574-000    3_ssh_apt-12                        reposerver   n_triples=  43 -> /csse/research/contructive-learning/CAM-LDS/sequences/execution/T1574-000/sequence_3_ssh_apt-12_reposerver.json
[9t][template][main.py] | [execution           ] T1574-000    3_ssh_apt-14                        reposerver   n_triples=   3 -> /csse/research/contructive-learning/CAM-LDS/sequences/execution/T1574-000/sequence_3_ssh_apt-14_reposerver.json
[9t][template][main.py] | [execution           ] T1574-000    3_vnc_apt-51                        reposerver   n_triples=   9 -> /csse/research/contructive-learning/CAM-LDS/sequences/execution/T1574-000/sequence_3_vnc_apt-51_reposerver.json
[9t][template][main.py] | [execution           ] T1574-008    6_macro_binary-12                   client       n_triples=  23 -> /csse/research/contructive-learning/CAM-LDS/sequences/execution/T1574-008/sequence_6_macro_binary-12_client.json
[9t][template][main.py] | [execution           ] T1574-008    6_screensharing_binary-57           client       n_triples=   2 -> /csse/research/contructive-learning/CAM-LDS/sequences/execution/T1574-008/sequence_6_screensharing_binary-57_client.json
[9t][template][main.py] | [execution           ] T1610-000    7-10                                docker       n_triples= 256 -> /csse/research/contructive-learning/CAM-LDS/sequences/execution/T1610-000/sequence_7-10_docker.json
[9t][template][main.py] | [initial_access      ] T1078-002    3_ssh_apt-1                         reposerver   n_triples= 852 -> /csse/research/contructive-learning/CAM-LDS/sequences/initial_access/T1078-002/sequence_3_ssh_apt-1_reposerver.json
[9t][template][main.py] | [initial_access      ] T1078-002    3_ssh_apt-2                         reposerver   n_triples= 336 -> /csse/research/contructive-learning/CAM-LDS/sequences/initial_access/T1078-002/sequence_3_ssh_apt-2_reposerver.json
[9t][template][main.py] | [initial_access      ] T1078-002    7-3                                 docker       n_triples= 386 -> /csse/research/contructive-learning/CAM-LDS/sequences/initial_access/T1078-002/sequence_7-3_docker.json
[9t][template][main.py] | [initial_access      ] T1078-003    1_validaccount_localaccount-55      videoserver  n_triples=   1 -> /csse/research/contructive-learning/CAM-LDS/sequences/initial_access/T1078-003/sequence_1_validaccount_localaccount-55_videoserver.json
[9t][template][main.py] | [initial_access      ] T1078-003    1_validaccount_localaccount-56      videoserver  n_triples=  93 -> /csse/research/contructive-learning/CAM-LDS/sequences/initial_access/T1078-003/sequence_1_validaccount_localaccount-56_videoserver.json
[9t][template][main.py] | [initial_access      ] T1078-003    3_ssh_apt-4                         reposerver   n_triples=  48 -> /csse/research/contructive-learning/CAM-LDS/sequences/initial_access/T1078-003/sequence_3_ssh_apt-4_reposerver.json
[9t][template][main.py] | [initial_access      ] T1078-003    3_ssh_apt-5                         reposerver   n_triples=   3 -> /csse/research/contructive-learning/CAM-LDS/sequences/initial_access/T1078-003/sequence_3_ssh_apt-5_reposerver.json
[9t][template][main.py] | [initial_access      ] T1078-003    3_ssh_puppet-37                     reposerver   n_triples= 336 -> /csse/research/contructive-learning/CAM-LDS/sequences/initial_access/T1078-003/sequence_3_ssh_puppet-37_reposerver.json
[9t][template][main.py] | [initial_access      ] T1078-003    4-19                                reposerver   n_triples= 205 -> /csse/research/contructive-learning/CAM-LDS/sequences/initial_access/T1078-003/sequence_4-19_reposerver.json
[9t][template][main.py] | [initial_access      ] T1078-003    4-20                                linuxshare   n_triples=   8 -> /csse/research/contructive-learning/CAM-LDS/sequences/initial_access/T1078-003/sequence_4-20_linuxshare.json
[9t][template][main.py] | [initial_access      ] T1078-003    4-21                                linuxshare   n_triples=  80 -> /csse/research/contructive-learning/CAM-LDS/sequences/initial_access/T1078-003/sequence_4-21_linuxshare.json
[9t][template][main.py] | [initial_access      ] T1078-003    4-3                                 reposerver   n_triples= 750 -> /csse/research/contructive-learning/CAM-LDS/sequences/initial_access/T1078-003/sequence_4-3_reposerver.json
[9t][template][main.py] | [initial_access      ] T1078-003    4-4                                 reposerver   n_triples= 336 -> /csse/research/contructive-learning/CAM-LDS/sequences/initial_access/T1078-003/sequence_4-4_reposerver.json
[9t][template][main.py] | [initial_access      ] T1078-003    4-5                                 reposerver   n_triples=  81 -> /csse/research/contructive-learning/CAM-LDS/sequences/initial_access/T1078-003/sequence_4-5_reposerver.json
[9t][template][main.py] | [initial_access      ] T1078-003    4-6                                 linuxshare   n_triples=  42 -> /csse/research/contructive-learning/CAM-LDS/sequences/initial_access/T1078-003/sequence_4-6_linuxshare.json
[9t][template][main.py] | [initial_access      ] T1133-000    3_ssh_apt-1                         reposerver   n_triples= 852 -> /csse/research/contructive-learning/CAM-LDS/sequences/initial_access/T1133-000/sequence_3_ssh_apt-1_reposerver.json
[9t][template][main.py] | [initial_access      ] T1133-000    7-3                                 docker       n_triples= 386 -> /csse/research/contructive-learning/CAM-LDS/sequences/initial_access/T1133-000/sequence_7-3_docker.json
[9t][template][main.py] | [initial_access      ] T1190-000    1_autostart_localaccount-5          videoserver  n_triples=  31 -> /csse/research/contructive-learning/CAM-LDS/sequences/initial_access/T1190-000/sequence_1_autostart_localaccount-5_videoserver.json
[9t][template][main.py] | [initial_access      ] T1190-000    7-6                                 docker       n_triples=  46 -> /csse/research/contructive-learning/CAM-LDS/sequences/initial_access/T1190-000/sequence_7-6_docker-log.json
[9t][template][main.py] | [initial_access      ] T1566-004    6_screensharing_binary-39           videoserver  n_triples=  36 -> /csse/research/contructive-learning/CAM-LDS/sequences/initial_access/T1566-004/sequence_6_screensharing_binary-39_videoserver.json
[9t][template][main.py] | [initial_access      ] T1566-004    6_screensharing_binary-43           client       n_triples=  37 -> /csse/research/contructive-learning/CAM-LDS/sequences/initial_access/T1566-004/sequence_6_screensharing_binary-43_client.json
[9t][template][main.py] | [initial_access      ] T1566-004    6_screensharing_binary-44           videoserver  n_triples=  12 -> /csse/research/contructive-learning/CAM-LDS/sequences/initial_access/T1566-004/sequence_6_screensharing_binary-44_videoserver.json
[9t][template][main.py] | [lateral_movement    ] T1021-000    2_rootkit-22                        videoserver  n_triples=  80 -> /csse/research/contructive-learning/CAM-LDS/sequences/lateral_movement/T1021-000/sequence_2_rootkit-22_videoserver.json
[9t][template][main.py] | [lateral_movement    ] T1021-004    2_cron-1                            videoserver  n_triples=  80 -> /csse/research/contructive-learning/CAM-LDS/sequences/lateral_movement/T1021-004/sequence_2_cron-1_videoserver.json
[9t][template][main.py] | [lateral_movement    ] T1021-005    3_vnc_apt-43                        linuxshare   n_triples= 137 -> /csse/research/contructive-learning/CAM-LDS/sequences/lateral_movement/T1021-005/sequence_3_vnc_apt-43_linuxshare.json
[9t][template][main.py] | [lateral_movement    ] T1021-005    3_vnc_healthcheck-55                linuxshare   n_triples= 264 -> /csse/research/contructive-learning/CAM-LDS/sequences/lateral_movement/T1021-005/sequence_3_vnc_healthcheck-55_linuxshare.json
[9t][template][main.py] | [lateral_movement    ] T1021-005    3_vnc_puppet-58                     linuxshare   n_triples= 252 -> /csse/research/contructive-learning/CAM-LDS/sequences/lateral_movement/T1021-005/sequence_3_vnc_puppet-58_linuxshare.json
[9t][template][main.py] | [lateral_movement    ] T1072-000    3_ssh_apt-17                        reposerver   n_triples=  11 -> /csse/research/contructive-learning/CAM-LDS/sequences/lateral_movement/T1072-000/sequence_3_ssh_apt-17_reposerver.json
[9t][template][main.py] | [lateral_movement    ] T1072-000    3_ssh_apt-18                        linuxshare   n_triples= 736 -> /csse/research/contructive-learning/CAM-LDS/sequences/lateral_movement/T1072-000/sequence_3_ssh_apt-18_linuxshare.json
[9t][template][main.py] | [lateral_movement    ] T1072-000    3_ssh_puppet-40                     linuxshare   n_triples= 148 -> /csse/research/contructive-learning/CAM-LDS/sequences/lateral_movement/T1072-000/sequence_3_ssh_puppet-40_linuxshare.json
[9t][template][main.py] | [lateral_movement    ] T1072-000    3_vnc_apt-54                        linuxshare   n_triples= 600 -> /csse/research/contructive-learning/CAM-LDS/sequences/lateral_movement/T1072-000/sequence_3_vnc_apt-54_linuxshare.json
[9t][template][main.py] | [lateral_movement    ] T1072-000    3_vnc_puppet-60                     linuxshare   n_triples=  91 -> /csse/research/contructive-learning/CAM-LDS/sequences/lateral_movement/T1072-000/sequence_3_vnc_puppet-60_linuxshare.json
[9t][template][main.py] | [lateral_movement    ] T1080-000    3_ssh_healthcheck-34                reposerver   n_triples=   8 -> /csse/research/contructive-learning/CAM-LDS/sequences/lateral_movement/T1080-000/sequence_3_ssh_healthcheck-34_reposerver.json
[9t][template][main.py] | [lateral_movement    ] T1210-000    7-10                                docker       n_triples= 256 -> /csse/research/contructive-learning/CAM-LDS/sequences/lateral_movement/T1210-000/sequence_7-10_docker.json
[9t][template][main.py] | [lateral_movement    ] T1550-001    5-3                                 videoserver  n_triples=   2 -> /csse/research/contructive-learning/CAM-LDS/sequences/lateral_movement/T1550-001/sequence_5-3_videoserver.json
[9t][template][main.py] | [persistence         ] T1053-000    1_cron_localaccount-32              videoserver  n_triples=  72 -> /csse/research/contructive-learning/CAM-LDS/sequences/persistence/T1053-000/sequence_1_cron_localaccount-32_videoserver.json
[9t][template][main.py] | [persistence         ] T1053-003    3_ssh_apt-16                        reposerver   n_triples=   5 -> /csse/research/contructive-learning/CAM-LDS/sequences/persistence/T1053-003/sequence_3_ssh_apt-16_reposerver.json
[9t][template][main.py] | [persistence         ] T1053-003    6_macro_binary-20                   client       n_triples= 150 -> /csse/research/contructive-learning/CAM-LDS/sequences/persistence/T1053-003/sequence_6_macro_binary-20_client.json
[9t][template][main.py] | [persistence         ] T1053-003    6_macro_binary-21                   client       n_triples=  15 -> /csse/research/contructive-learning/CAM-LDS/sequences/persistence/T1053-003/sequence_6_macro_binary-21_client.json
[9t][template][main.py] | [persistence         ] T1053-003    6_macro_binary-22                   client       n_triples=  18 -> /csse/research/contructive-learning/CAM-LDS/sequences/persistence/T1053-003/sequence_6_macro_binary-22_client.json
[9t][template][main.py] | [persistence         ] T1053-003    6_macro_cron-24                     client       n_triples=  15 -> /csse/research/contructive-learning/CAM-LDS/sequences/persistence/T1053-003/sequence_6_macro_cron-24_client.json
[9t][template][main.py] | [persistence         ] T1053-003    7-10                                docker       n_triples= 256 -> /csse/research/contructive-learning/CAM-LDS/sequences/persistence/T1053-003/sequence_7-10_docker.json
[9t][template][main.py] | [persistence         ] T1078-002    3_ssh_apt-1                         reposerver   n_triples= 852 -> /csse/research/contructive-learning/CAM-LDS/sequences/persistence/T1078-002/sequence_3_ssh_apt-1_reposerver.json
[9t][template][main.py] | [persistence         ] T1078-002    3_ssh_apt-2                         reposerver   n_triples= 336 -> /csse/research/contructive-learning/CAM-LDS/sequences/persistence/T1078-002/sequence_3_ssh_apt-2_reposerver.json
[9t][template][main.py] | [persistence         ] T1078-002    7-3                                 docker       n_triples= 386 -> /csse/research/contructive-learning/CAM-LDS/sequences/persistence/T1078-002/sequence_7-3_docker.json
[9t][template][main.py] | [persistence         ] T1078-003    1_validaccount_localaccount-55      videoserver  n_triples=   1 -> /csse/research/contructive-learning/CAM-LDS/sequences/persistence/T1078-003/sequence_1_validaccount_localaccount-55_videoserver.json
[9t][template][main.py] | [persistence         ] T1078-003    1_validaccount_localaccount-56      videoserver  n_triples=  93 -> /csse/research/contructive-learning/CAM-LDS/sequences/persistence/T1078-003/sequence_1_validaccount_localaccount-56_videoserver.json
[9t][template][main.py] | [persistence         ] T1078-003    3_ssh_apt-4                         reposerver   n_triples=  48 -> /csse/research/contructive-learning/CAM-LDS/sequences/persistence/T1078-003/sequence_3_ssh_apt-4_reposerver.json
[9t][template][main.py] | [persistence         ] T1078-003    3_ssh_apt-5                         reposerver   n_triples=   3 -> /csse/research/contructive-learning/CAM-LDS/sequences/persistence/T1078-003/sequence_3_ssh_apt-5_reposerver.json
[9t][template][main.py] | [persistence         ] T1078-003    3_ssh_puppet-37                     reposerver   n_triples= 336 -> /csse/research/contructive-learning/CAM-LDS/sequences/persistence/T1078-003/sequence_3_ssh_puppet-37_reposerver.json
[9t][template][main.py] | [persistence         ] T1078-003    4-19                                reposerver   n_triples= 205 -> /csse/research/contructive-learning/CAM-LDS/sequences/persistence/T1078-003/sequence_4-19_reposerver.json
[9t][template][main.py] | [persistence         ] T1078-003    4-20                                linuxshare   n_triples=   8 -> /csse/research/contructive-learning/CAM-LDS/sequences/persistence/T1078-003/sequence_4-20_linuxshare.json
[9t][template][main.py] | [persistence         ] T1078-003    4-21                                linuxshare   n_triples=  80 -> /csse/research/contructive-learning/CAM-LDS/sequences/persistence/T1078-003/sequence_4-21_linuxshare.json
[9t][template][main.py] | [persistence         ] T1078-003    4-3                                 reposerver   n_triples= 750 -> /csse/research/contructive-learning/CAM-LDS/sequences/persistence/T1078-003/sequence_4-3_reposerver.json
[9t][template][main.py] | [persistence         ] T1078-003    4-4                                 reposerver   n_triples= 336 -> /csse/research/contructive-learning/CAM-LDS/sequences/persistence/T1078-003/sequence_4-4_reposerver.json
[9t][template][main.py] | [persistence         ] T1078-003    4-5                                 reposerver   n_triples=  81 -> /csse/research/contructive-learning/CAM-LDS/sequences/persistence/T1078-003/sequence_4-5_reposerver.json
[9t][template][main.py] | [persistence         ] T1078-003    4-6                                 linuxshare   n_triples=  42 -> /csse/research/contructive-learning/CAM-LDS/sequences/persistence/T1078-003/sequence_4-6_linuxshare.json
[9t][template][main.py] | [persistence         ] T1098-004    1_pwnkit_sshkey-43                  videoserver  n_triples=   2 -> /csse/research/contructive-learning/CAM-LDS/sequences/persistence/T1098-004/sequence_1_pwnkit_sshkey-43_videoserver.json
[9t][template][main.py] | [persistence         ] T1098-004    1_pwnkit_sshkey-44                  videoserver  n_triples=   8 -> /csse/research/contructive-learning/CAM-LDS/sequences/persistence/T1098-004/sequence_1_pwnkit_sshkey-44_videoserver.json
[9t][template][main.py] | [persistence         ] T1133-000    3_ssh_apt-1                         reposerver   n_triples= 852 -> /csse/research/contructive-learning/CAM-LDS/sequences/persistence/T1133-000/sequence_3_ssh_apt-1_reposerver.json
[9t][template][main.py] | [persistence         ] T1133-000    7-3                                 docker       n_triples= 386 -> /csse/research/contructive-learning/CAM-LDS/sequences/persistence/T1133-000/sequence_7-3_docker.json
[9t][template][main.py] | [persistence         ] T1136-001    1_pwnkit_localaccount-38            videoserver  n_triples=   2 -> /csse/research/contructive-learning/CAM-LDS/sequences/persistence/T1136-001/sequence_1_pwnkit_localaccount-38_videoserver.json
[9t][template][main.py] | [persistence         ] T1136-001    1_pwnkit_localaccount-39            videoserver  n_triples=  30 -> /csse/research/contructive-learning/CAM-LDS/sequences/persistence/T1136-001/sequence_1_pwnkit_localaccount-39_videoserver.json
[9t][template][main.py] | [persistence         ] T1176-000    6_plugin-26                         client       n_triples=2841 -> /csse/research/contructive-learning/CAM-LDS/sequences/persistence/T1176-000/sequence_6_plugin-26_client.json
[9t][template][main.py] | [persistence         ] T1176-000    6_plugin-28                         client       n_triples=3712 -> /csse/research/contructive-learning/CAM-LDS/sequences/persistence/T1176-000/sequence_6_plugin-28_client.json
[9t][template][main.py] | [persistence         ] T1176-000    6_plugin-29                         client       n_triples=  16 -> /csse/research/contructive-learning/CAM-LDS/sequences/persistence/T1176-000/sequence_6_plugin-29_client.json
[9t][template][main.py] | [persistence         ] T1176-000    6_plugin-30                         client       n_triples=   3 -> /csse/research/contructive-learning/CAM-LDS/sequences/persistence/T1176-000/sequence_6_plugin-30_client.json
[9t][template][main.py] | [persistence         ] T1205-001    4-16                                inetfw       n_triples=  35 -> /csse/research/contructive-learning/CAM-LDS/sequences/persistence/T1205-001/sequence_4-16_inetfw.json
[9t][template][main.py] | [persistence         ] T1205-001    4-3                                 reposerver   n_triples= 750 -> /csse/research/contructive-learning/CAM-LDS/sequences/persistence/T1205-001/sequence_4-3_reposerver.json
[9t][template][main.py] | [persistence         ] T1205-001    4-9                                 inetfw       n_triples=  29 -> /csse/research/contructive-learning/CAM-LDS/sequences/persistence/T1205-001/sequence_4-9_inetfw.json
[9t][template][main.py] | [persistence         ] T1525-000    7-10                                docker       n_triples= 256 -> /csse/research/contructive-learning/CAM-LDS/sequences/persistence/T1525-000/sequence_7-10_docker.json
[9t][template][main.py] | [persistence         ] T1543-002    2_rootkit-26                        videoserver  n_triples=   3 -> /csse/research/contructive-learning/CAM-LDS/sequences/persistence/T1543-002/sequence_2_rootkit-26_videoserver.json
[9t][template][main.py] | [persistence         ] T1543-002    2_rootkit-28                        videoserver  n_triples=  28 -> /csse/research/contructive-learning/CAM-LDS/sequences/persistence/T1543-002/sequence_2_rootkit-28_videoserver.json
[9t][template][main.py] | [persistence         ] T1543-002    2_rootkit-29                        videoserver  n_triples= 197 -> /csse/research/contructive-learning/CAM-LDS/sequences/persistence/T1543-002/sequence_2_rootkit-29_videoserver.json
[9t][template][main.py] | [persistence         ] T1543-002    4-12                                inetfw       n_triples=   1 -> /csse/research/contructive-learning/CAM-LDS/sequences/persistence/T1543-002/sequence_4-12_inetfw.json
[9t][template][main.py] | [persistence         ] T1543-002    4-13                                linuxshare   n_triples=  11 -> /csse/research/contructive-learning/CAM-LDS/sequences/persistence/T1543-002/sequence_4-13_linuxshare.json
[9t][template][main.py] | [persistence         ] T1543-002    4-14                                inetfw       n_triples=  43 -> /csse/research/contructive-learning/CAM-LDS/sequences/persistence/T1543-002/sequence_4-14_inetfw.json
[9t][template][main.py] | [persistence         ] T1543-002    4-15                                inetfw       n_triples=  22 -> /csse/research/contructive-learning/CAM-LDS/sequences/persistence/T1543-002/sequence_4-15_inetfw.json
[9t][template][main.py] | [persistence         ] T1546-000    1_racecondition_localaccount-48     videoserver  n_triples=   2 -> /csse/research/contructive-learning/CAM-LDS/sequences/persistence/T1546-000/sequence_1_racecondition_localaccount-48_videoserver.json
[9t][template][main.py] | [persistence         ] T1546-000    1_racecondition_localaccount-49     videoserver  n_triples=  11 -> /csse/research/contructive-learning/CAM-LDS/sequences/persistence/T1546-000/sequence_1_racecondition_localaccount-49_videoserver.json
[9t][template][main.py] | [persistence         ] T1546-000    1_racecondition_localaccount-50     videoserver  n_triples=  28 -> /csse/research/contructive-learning/CAM-LDS/sequences/persistence/T1546-000/sequence_1_racecondition_localaccount-50_videoserver.json
[9t][template][main.py] | [persistence         ] T1546-000    1_racecondition_localaccount-52     inetfw       n_triples=  10 -> /csse/research/contructive-learning/CAM-LDS/sequences/persistence/T1546-000/sequence_1_racecondition_localaccount-52_inetfw.json
[9t][template][main.py] | [persistence         ] T1546-000    6_macro_binary-12                   client       n_triples=  23 -> /csse/research/contructive-learning/CAM-LDS/sequences/persistence/T1546-000/sequence_6_macro_binary-12_client.json
[9t][template][main.py] | [persistence         ] T1547-000    1_autostart_localaccount-15         videoserver  n_triples= 198 -> /csse/research/contructive-learning/CAM-LDS/sequences/persistence/T1547-000/sequence_1_autostart_localaccount-15_videoserver.json
[9t][template][main.py] | [persistence         ] T1547-000    1_autostart_localaccount-16         videoserver  n_triples= 275 -> /csse/research/contructive-learning/CAM-LDS/sequences/persistence/T1547-000/sequence_1_autostart_localaccount-16_videoserver.json
[9t][template][main.py] | [persistence         ] T1547-000    2_cron-4                            videoserver  n_triples=   5 -> /csse/research/contructive-learning/CAM-LDS/sequences/persistence/T1547-000/sequence_2_cron-4_videoserver.json
[9t][template][main.py] | [persistence         ] T1556-003    1_cron_pam-29                       videoserver  n_triples=   7 -> /csse/research/contructive-learning/CAM-LDS/sequences/persistence/T1556-003/sequence_1_cron_pam-29_videoserver.json
[9t][template][main.py] | [persistence         ] T1556-003    1_pwnkit_pam-41                     videoserver  n_triples=   2 -> /csse/research/contructive-learning/CAM-LDS/sequences/persistence/T1556-003/sequence_1_pwnkit_pam-41_videoserver.json
[9t][template][main.py] | [persistence         ] T1556-003    1_pwnkit_pam-42                     videoserver  n_triples=  11 -> /csse/research/contructive-learning/CAM-LDS/sequences/persistence/T1556-003/sequence_1_pwnkit_pam-42_videoserver.json
[9t][template][main.py] | [privilege_escalation] T1053-000    1_cron_localaccount-32              videoserver  n_triples=  72 -> /csse/research/contructive-learning/CAM-LDS/sequences/privilege_escalation/T1053-000/sequence_1_cron_localaccount-32_videoserver.json
[9t][template][main.py] | [privilege_escalation] T1053-003    3_ssh_apt-16                        reposerver   n_triples=   5 -> /csse/research/contructive-learning/CAM-LDS/sequences/privilege_escalation/T1053-003/sequence_3_ssh_apt-16_reposerver.json
[9t][template][main.py] | [privilege_escalation] T1053-003    6_macro_binary-20                   client       n_triples= 150 -> /csse/research/contructive-learning/CAM-LDS/sequences/privilege_escalation/T1053-003/sequence_6_macro_binary-20_client.json
[9t][template][main.py] | [privilege_escalation] T1053-003    6_macro_binary-21                   client       n_triples=  15 -> /csse/research/contructive-learning/CAM-LDS/sequences/privilege_escalation/T1053-003/sequence_6_macro_binary-21_client.json
[9t][template][main.py] | [privilege_escalation] T1053-003    6_macro_binary-22                   client       n_triples=  18 -> /csse/research/contructive-learning/CAM-LDS/sequences/privilege_escalation/T1053-003/sequence_6_macro_binary-22_client.json
[9t][template][main.py] | [privilege_escalation] T1053-003    6_macro_cron-24                     client       n_triples=  15 -> /csse/research/contructive-learning/CAM-LDS/sequences/privilege_escalation/T1053-003/sequence_6_macro_cron-24_client.json
[9t][template][main.py] | [privilege_escalation] T1053-003    7-10                                docker       n_triples= 256 -> /csse/research/contructive-learning/CAM-LDS/sequences/privilege_escalation/T1053-003/sequence_7-10_docker.json
[9t][template][main.py] | [privilege_escalation] T1068-000    1_pwnkit_localaccount-36            videoserver  n_triples=  13 -> /csse/research/contructive-learning/CAM-LDS/sequences/privilege_escalation/T1068-000/sequence_1_pwnkit_localaccount-36_videoserver.json
[9t][template][main.py] | [privilege_escalation] T1078-002    3_ssh_apt-1                         reposerver   n_triples= 852 -> /csse/research/contructive-learning/CAM-LDS/sequences/privilege_escalation/T1078-002/sequence_3_ssh_apt-1_reposerver.json
[9t][template][main.py] | [privilege_escalation] T1078-002    3_ssh_apt-2                         reposerver   n_triples= 336 -> /csse/research/contructive-learning/CAM-LDS/sequences/privilege_escalation/T1078-002/sequence_3_ssh_apt-2_reposerver.json
[9t][template][main.py] | [privilege_escalation] T1078-002    7-3                                 docker       n_triples= 386 -> /csse/research/contructive-learning/CAM-LDS/sequences/privilege_escalation/T1078-002/sequence_7-3_docker.json
[9t][template][main.py] | [privilege_escalation] T1078-003    1_validaccount_localaccount-55      videoserver  n_triples=   1 -> /csse/research/contructive-learning/CAM-LDS/sequences/privilege_escalation/T1078-003/sequence_1_validaccount_localaccount-55_videoserver.json
[9t][template][main.py] | [privilege_escalation] T1078-003    1_validaccount_localaccount-56      videoserver  n_triples=  93 -> /csse/research/contructive-learning/CAM-LDS/sequences/privilege_escalation/T1078-003/sequence_1_validaccount_localaccount-56_videoserver.json
[9t][template][main.py] | [privilege_escalation] T1078-003    3_ssh_apt-4                         reposerver   n_triples=  48 -> /csse/research/contructive-learning/CAM-LDS/sequences/privilege_escalation/T1078-003/sequence_3_ssh_apt-4_reposerver.json
[9t][template][main.py] | [privilege_escalation] T1078-003    3_ssh_apt-5                         reposerver   n_triples=   3 -> /csse/research/contructive-learning/CAM-LDS/sequences/privilege_escalation/T1078-003/sequence_3_ssh_apt-5_reposerver.json
[9t][template][main.py] | [privilege_escalation] T1078-003    3_ssh_puppet-37                     reposerver   n_triples= 336 -> /csse/research/contructive-learning/CAM-LDS/sequences/privilege_escalation/T1078-003/sequence_3_ssh_puppet-37_reposerver.json
[9t][template][main.py] | [privilege_escalation] T1078-003    4-19                                reposerver   n_triples= 205 -> /csse/research/contructive-learning/CAM-LDS/sequences/privilege_escalation/T1078-003/sequence_4-19_reposerver.json
[9t][template][main.py] | [privilege_escalation] T1078-003    4-20                                linuxshare   n_triples=   8 -> /csse/research/contructive-learning/CAM-LDS/sequences/privilege_escalation/T1078-003/sequence_4-20_linuxshare.json
[9t][template][main.py] | [privilege_escalation] T1078-003    4-21                                linuxshare   n_triples=  80 -> /csse/research/contructive-learning/CAM-LDS/sequences/privilege_escalation/T1078-003/sequence_4-21_linuxshare.json
[9t][template][main.py] | [privilege_escalation] T1078-003    4-3                                 reposerver   n_triples= 750 -> /csse/research/contructive-learning/CAM-LDS/sequences/privilege_escalation/T1078-003/sequence_4-3_reposerver.json
[9t][template][main.py] | [privilege_escalation] T1078-003    4-4                                 reposerver   n_triples= 336 -> /csse/research/contructive-learning/CAM-LDS/sequences/privilege_escalation/T1078-003/sequence_4-4_reposerver.json
[9t][template][main.py] | [privilege_escalation] T1078-003    4-5                                 reposerver   n_triples=  81 -> /csse/research/contructive-learning/CAM-LDS/sequences/privilege_escalation/T1078-003/sequence_4-5_reposerver.json
[9t][template][main.py] | [privilege_escalation] T1078-003    4-6                                 linuxshare   n_triples=  42 -> /csse/research/contructive-learning/CAM-LDS/sequences/privilege_escalation/T1078-003/sequence_4-6_linuxshare.json
[9t][template][main.py] | [privilege_escalation] T1098-004    1_cron_sshkey-30                    videoserver  n_triples=  16 -> /csse/research/contructive-learning/CAM-LDS/sequences/privilege_escalation/T1098-004/sequence_1_cron_sshkey-30_videoserver.json
[9t][template][main.py] | [privilege_escalation] T1098-004    1_pwnkit_sshkey-43                  videoserver  n_triples=   2 -> /csse/research/contructive-learning/CAM-LDS/sequences/privilege_escalation/T1098-004/sequence_1_pwnkit_sshkey-43_videoserver.json
[9t][template][main.py] | [privilege_escalation] T1098-004    1_pwnkit_sshkey-44                  videoserver  n_triples=   8 -> /csse/research/contructive-learning/CAM-LDS/sequences/privilege_escalation/T1098-004/sequence_1_pwnkit_sshkey-44_videoserver.json
[9t][template][main.py] | [privilege_escalation] T1543-002    2_rootkit-26                        videoserver  n_triples=   3 -> /csse/research/contructive-learning/CAM-LDS/sequences/privilege_escalation/T1543-002/sequence_2_rootkit-26_videoserver.json
[9t][template][main.py] | [privilege_escalation] T1543-002    2_rootkit-28                        videoserver  n_triples=  28 -> /csse/research/contructive-learning/CAM-LDS/sequences/privilege_escalation/T1543-002/sequence_2_rootkit-28_videoserver.json
[9t][template][main.py] | [privilege_escalation] T1543-002    2_rootkit-29                        videoserver  n_triples= 197 -> /csse/research/contructive-learning/CAM-LDS/sequences/privilege_escalation/T1543-002/sequence_2_rootkit-29_videoserver.json
[9t][template][main.py] | [privilege_escalation] T1543-002    4-12                                inetfw       n_triples=   1 -> /csse/research/contructive-learning/CAM-LDS/sequences/privilege_escalation/T1543-002/sequence_4-12_inetfw.json
[9t][template][main.py] | [privilege_escalation] T1543-002    4-13                                linuxshare   n_triples=  11 -> /csse/research/contructive-learning/CAM-LDS/sequences/privilege_escalation/T1543-002/sequence_4-13_linuxshare.json
[9t][template][main.py] | [privilege_escalation] T1543-002    4-14                                inetfw       n_triples=  43 -> /csse/research/contructive-learning/CAM-LDS/sequences/privilege_escalation/T1543-002/sequence_4-14_inetfw.json
[9t][template][main.py] | [privilege_escalation] T1543-002    4-15                                inetfw       n_triples=  22 -> /csse/research/contructive-learning/CAM-LDS/sequences/privilege_escalation/T1543-002/sequence_4-15_inetfw.json
[9t][template][main.py] | [privilege_escalation] T1546-000    1_racecondition_localaccount-48     videoserver  n_triples=   2 -> /csse/research/contructive-learning/CAM-LDS/sequences/privilege_escalation/T1546-000/sequence_1_racecondition_localaccount-48_videoserver.json
[9t][template][main.py] | [privilege_escalation] T1546-000    1_racecondition_localaccount-49     videoserver  n_triples=  11 -> /csse/research/contructive-learning/CAM-LDS/sequences/privilege_escalation/T1546-000/sequence_1_racecondition_localaccount-49_videoserver.json
[9t][template][main.py] | [privilege_escalation] T1546-000    1_racecondition_localaccount-50     videoserver  n_triples=  28 -> /csse/research/contructive-learning/CAM-LDS/sequences/privilege_escalation/T1546-000/sequence_1_racecondition_localaccount-50_videoserver.json
[9t][template][main.py] | [privilege_escalation] T1546-000    1_racecondition_localaccount-52     inetfw       n_triples=  10 -> /csse/research/contructive-learning/CAM-LDS/sequences/privilege_escalation/T1546-000/sequence_1_racecondition_localaccount-52_inetfw.json
[9t][template][main.py] | [privilege_escalation] T1546-000    6_macro_binary-12                   client       n_triples=  23 -> /csse/research/contructive-learning/CAM-LDS/sequences/privilege_escalation/T1546-000/sequence_6_macro_binary-12_client.json
[9t][template][main.py] | [privilege_escalation] T1547-000    1_autostart_localaccount-15         videoserver  n_triples= 198 -> /csse/research/contructive-learning/CAM-LDS/sequences/privilege_escalation/T1547-000/sequence_1_autostart_localaccount-15_videoserver.json
[9t][template][main.py] | [privilege_escalation] T1547-000    1_autostart_localaccount-16         videoserver  n_triples= 275 -> /csse/research/contructive-learning/CAM-LDS/sequences/privilege_escalation/T1547-000/sequence_1_autostart_localaccount-16_videoserver.json
[9t][template][main.py] | [privilege_escalation] T1547-000    2_cron-4                            videoserver  n_triples=   5 -> /csse/research/contructive-learning/CAM-LDS/sequences/privilege_escalation/T1547-000/sequence_2_cron-4_videoserver.json
[9t][template][main.py] | [privilege_escalation] T1548-003    1_sudo_localaccount-53              videoserver  n_triples=  14 -> /csse/research/contructive-learning/CAM-LDS/sequences/privilege_escalation/T1548-003/sequence_1_sudo_localaccount-53_videoserver.json
[9t][template][main.py] | [privilege_escalation] T1548-003    1_sudo_localaccount-54              videoserver  n_triples=   3 -> /csse/research/contructive-learning/CAM-LDS/sequences/privilege_escalation/T1548-003/sequence_1_sudo_localaccount-54_videoserver.json
[9t][template][main.py] | [privilege_escalation] T1548-003    1_sudo_pam-53                       videoserver  n_triples=  14 -> /csse/research/contructive-learning/CAM-LDS/sequences/privilege_escalation/T1548-003/sequence_1_sudo_pam-53_videoserver.json
[9t][template][main.py] | [privilege_escalation] T1548-003    1_sudo_pam-54                       videoserver  n_triples=   3 -> /csse/research/contructive-learning/CAM-LDS/sequences/privilege_escalation/T1548-003/sequence_1_sudo_pam-54_videoserver.json
[9t][template][main.py] | [privilege_escalation] T1548-003    1_sudo_sshkey-53                    videoserver  n_triples=  14 -> /csse/research/contructive-learning/CAM-LDS/sequences/privilege_escalation/T1548-003/sequence_1_sudo_sshkey-53_videoserver.json
[9t][template][main.py] | [privilege_escalation] T1548-003    1_sudo_sshkey-54                    inetfw       n_triples=   6 -> /csse/research/contructive-learning/CAM-LDS/sequences/privilege_escalation/T1548-003/sequence_1_sudo_sshkey-54_inetfw.json
[9t][template][main.py] | [privilege_escalation] T1548-003    4-7                                 inetfw       n_triples=   6 -> /csse/research/contructive-learning/CAM-LDS/sequences/privilege_escalation/T1548-003/sequence_4-7_inetfw.json
[9t][template][main.py] | [privilege_escalation] T1548-003    4-8                                 inetfw       n_triples=  34 -> /csse/research/contructive-learning/CAM-LDS/sequences/privilege_escalation/T1548-003/sequence_4-8_inetfw.json
[9t][template][main.py] | [stealth             ] T1014-000    2_rootkit-27                        videoserver  n_triples=   3 -> /csse/research/contructive-learning/CAM-LDS/sequences/stealth/T1014-000/sequence_2_rootkit-27_videoserver.json
[9t][template][main.py] | [stealth             ] T1036-005    3_ssh_apt-11                        reposerver   n_triples=   1 -> /csse/research/contructive-learning/CAM-LDS/sequences/stealth/T1036-005/sequence_3_ssh_apt-11_reposerver.json
[9t][template][main.py] | [stealth             ] T1036-005    3_vnc_apt-50                        reposerver   n_triples=   1 -> /csse/research/contructive-learning/CAM-LDS/sequences/stealth/T1036-005/sequence_3_vnc_apt-50_reposerver.json
[9t][template][main.py] | [stealth             ] T1036-005    4-16                                inetfw       n_triples=  35 -> /csse/research/contructive-learning/CAM-LDS/sequences/stealth/T1036-005/sequence_4-16_inetfw.json
[9t][template][main.py] | [stealth             ] T1036-005    4-9                                 inetfw       n_triples=  29 -> /csse/research/contructive-learning/CAM-LDS/sequences/stealth/T1036-005/sequence_4-9_inetfw.json
[9t][template][main.py] | [stealth             ] T1070-003    6_macro_binary-23                   client       n_triples=   7 -> /csse/research/contructive-learning/CAM-LDS/sequences/stealth/T1070-003/sequence_6_macro_binary-23_client.json
[9t][template][main.py] | [stealth             ] T1070-004    1_cron_localaccount-34              videoserver  n_triples=   2 -> /csse/research/contructive-learning/CAM-LDS/sequences/stealth/T1070-004/sequence_1_cron_localaccount-34_videoserver.json
[9t][template][main.py] | [stealth             ] T1070-004    1_pwnkit_localaccount-40            videoserver  n_triples=   3 -> /csse/research/contructive-learning/CAM-LDS/sequences/stealth/T1070-004/sequence_1_pwnkit_localaccount-40_videoserver.json
[9t][template][main.py] | [stealth             ] T1070-004    2_cron-14                           videoserver  n_triples=   4 -> /csse/research/contructive-learning/CAM-LDS/sequences/stealth/T1070-004/sequence_2_cron-14_videoserver.json
[9t][template][main.py] | [stealth             ] T1070-004    4-10                                inetfw       n_triples=   2 -> /csse/research/contructive-learning/CAM-LDS/sequences/stealth/T1070-004/sequence_4-10_inetfw.json
[9t][template][main.py] | [stealth             ] T1078-002    3_ssh_apt-1                         reposerver   n_triples= 852 -> /csse/research/contructive-learning/CAM-LDS/sequences/stealth/T1078-002/sequence_3_ssh_apt-1_reposerver.json
[9t][template][main.py] | [stealth             ] T1078-002    3_ssh_apt-2                         reposerver   n_triples= 336 -> /csse/research/contructive-learning/CAM-LDS/sequences/stealth/T1078-002/sequence_3_ssh_apt-2_reposerver.json
[9t][template][main.py] | [stealth             ] T1078-002    7-3                                 docker       n_triples= 386 -> /csse/research/contructive-learning/CAM-LDS/sequences/stealth/T1078-002/sequence_7-3_docker.json
[9t][template][main.py] | [stealth             ] T1078-003    1_validaccount_localaccount-55      videoserver  n_triples=   1 -> /csse/research/contructive-learning/CAM-LDS/sequences/stealth/T1078-003/sequence_1_validaccount_localaccount-55_videoserver.json
[9t][template][main.py] | [stealth             ] T1078-003    1_validaccount_localaccount-56      videoserver  n_triples=  93 -> /csse/research/contructive-learning/CAM-LDS/sequences/stealth/T1078-003/sequence_1_validaccount_localaccount-56_videoserver.json
[9t][template][main.py] | [stealth             ] T1078-003    3_ssh_apt-4                         reposerver   n_triples=  48 -> /csse/research/contructive-learning/CAM-LDS/sequences/stealth/T1078-003/sequence_3_ssh_apt-4_reposerver.json
[9t][template][main.py] | [stealth             ] T1078-003    3_ssh_apt-5                         reposerver   n_triples=   3 -> /csse/research/contructive-learning/CAM-LDS/sequences/stealth/T1078-003/sequence_3_ssh_apt-5_reposerver.json
[9t][template][main.py] | [stealth             ] T1078-003    3_ssh_puppet-37                     reposerver   n_triples= 336 -> /csse/research/contructive-learning/CAM-LDS/sequences/stealth/T1078-003/sequence_3_ssh_puppet-37_reposerver.json
[9t][template][main.py] | [stealth             ] T1078-003    4-19                                reposerver   n_triples= 205 -> /csse/research/contructive-learning/CAM-LDS/sequences/stealth/T1078-003/sequence_4-19_reposerver.json
[9t][template][main.py] | [stealth             ] T1078-003    4-20                                linuxshare   n_triples=   8 -> /csse/research/contructive-learning/CAM-LDS/sequences/stealth/T1078-003/sequence_4-20_linuxshare.json
[9t][template][main.py] | [stealth             ] T1078-003    4-21                                linuxshare   n_triples=  80 -> /csse/research/contructive-learning/CAM-LDS/sequences/stealth/T1078-003/sequence_4-21_linuxshare.json
[9t][template][main.py] | [stealth             ] T1078-003    4-3                                 reposerver   n_triples= 750 -> /csse/research/contructive-learning/CAM-LDS/sequences/stealth/T1078-003/sequence_4-3_reposerver.json
[9t][template][main.py] | [stealth             ] T1078-003    4-4                                 reposerver   n_triples= 336 -> /csse/research/contructive-learning/CAM-LDS/sequences/stealth/T1078-003/sequence_4-4_reposerver.json
[9t][template][main.py] | [stealth             ] T1078-003    4-5                                 reposerver   n_triples=  81 -> /csse/research/contructive-learning/CAM-LDS/sequences/stealth/T1078-003/sequence_4-5_reposerver.json
[9t][template][main.py] | [stealth             ] T1078-003    4-6                                 linuxshare   n_triples=  42 -> /csse/research/contructive-learning/CAM-LDS/sequences/stealth/T1078-003/sequence_4-6_linuxshare.json
[9t][template][main.py] | [stealth             ] T1205-001    4-16                                inetfw       n_triples=  35 -> /csse/research/contructive-learning/CAM-LDS/sequences/stealth/T1205-001/sequence_4-16_inetfw.json
[9t][template][main.py] | [stealth             ] T1205-001    4-3                                 reposerver   n_triples= 750 -> /csse/research/contructive-learning/CAM-LDS/sequences/stealth/T1205-001/sequence_4-3_reposerver.json
[9t][template][main.py] | [stealth             ] T1205-001    4-9                                 inetfw       n_triples=  29 -> /csse/research/contructive-learning/CAM-LDS/sequences/stealth/T1205-001/sequence_4-9_inetfw.json
[9t][template][main.py] | [stealth             ] T1218-000    1_pwnkit_localaccount-39            videoserver  n_triples=  30 -> /csse/research/contructive-learning/CAM-LDS/sequences/stealth/T1218-000/sequence_1_pwnkit_localaccount-39_videoserver.json
[9t][template][main.py] | [stealth             ] T1218-000    1_pwnkit_pam-42                     videoserver  n_triples=  11 -> /csse/research/contructive-learning/CAM-LDS/sequences/stealth/T1218-000/sequence_1_pwnkit_pam-42_videoserver.json
[9t][template][main.py] | [stealth             ] T1218-000    1_pwnkit_sshkey-44                  videoserver  n_triples=   8 -> /csse/research/contructive-learning/CAM-LDS/sequences/stealth/T1218-000/sequence_1_pwnkit_sshkey-44_videoserver.json
[9t][template][main.py] | [stealth             ] T1497-001    1_cron_localaccount-28              videoserver  n_triples=  17 -> /csse/research/contructive-learning/CAM-LDS/sequences/stealth/T1497-001/sequence_1_cron_localaccount-28_videoserver.json
[9t][template][main.py] | [stealth             ] T1497-001    1_cron_pam-28                       videoserver  n_triples=  17 -> /csse/research/contructive-learning/CAM-LDS/sequences/stealth/T1497-001/sequence_1_cron_pam-28_videoserver.json
[9t][template][main.py] | [stealth             ] T1497-001    1_cron_sshkey-28                    videoserver  n_triples=   7 -> /csse/research/contructive-learning/CAM-LDS/sequences/stealth/T1497-001/sequence_1_cron_sshkey-28_videoserver.json
[9t][template][main.py] | [stealth             ] T1497-001    1_pwnkit_localaccount-28            videoserver  n_triples=  30 -> /csse/research/contructive-learning/CAM-LDS/sequences/stealth/T1497-001/sequence_1_pwnkit_localaccount-28_videoserver.json
[9t][template][main.py] | [stealth             ] T1497-001    1_pwnkit_pam-28                     videoserver  n_triples=  17 -> /csse/research/contructive-learning/CAM-LDS/sequences/stealth/T1497-001/sequence_1_pwnkit_pam-28_videoserver.json
[9t][template][main.py] | [stealth             ] T1497-001    1_pwnkit_sshkey-28                  videoserver  n_triples=   7 -> /csse/research/contructive-learning/CAM-LDS/sequences/stealth/T1497-001/sequence_1_pwnkit_sshkey-28_videoserver.json
[9t][template][main.py] | [stealth             ] T1497-001    1_racecondition_localaccount-28     videoserver  n_triples=  20 -> /csse/research/contructive-learning/CAM-LDS/sequences/stealth/T1497-001/sequence_1_racecondition_localaccount-28_videoserver.json
[9t][template][main.py] | [stealth             ] T1497-001    1_racecondition_pam-28              videoserver  n_triples=  20 -> /csse/research/contructive-learning/CAM-LDS/sequences/stealth/T1497-001/sequence_1_racecondition_pam-28_videoserver.json
[9t][template][main.py] | [stealth             ] T1497-001    1_racecondition_sshkey-28           videoserver  n_triples=  11 -> /csse/research/contructive-learning/CAM-LDS/sequences/stealth/T1497-001/sequence_1_racecondition_sshkey-28_videoserver.json
[9t][template][main.py] | [stealth             ] T1497-001    1_sudo_localaccount-28              videoserver  n_triples=  17 -> /csse/research/contructive-learning/CAM-LDS/sequences/stealth/T1497-001/sequence_1_sudo_localaccount-28_videoserver.json
[9t][template][main.py] | [stealth             ] T1497-001    1_sudo_pam-28                       videoserver  n_triples=  17 -> /csse/research/contructive-learning/CAM-LDS/sequences/stealth/T1497-001/sequence_1_sudo_pam-28_videoserver.json
[9t][template][main.py] | [stealth             ] T1497-001    1_sudo_sshkey-28                    videoserver  n_triples=   7 -> /csse/research/contructive-learning/CAM-LDS/sequences/stealth/T1497-001/sequence_1_sudo_sshkey-28_videoserver.json
[9t][template][main.py] | [stealth             ] T1497-001    1_validaccount_localaccount-28      videoserver  n_triples=  17 -> /csse/research/contructive-learning/CAM-LDS/sequences/stealth/T1497-001/sequence_1_validaccount_localaccount-28_videoserver.json
[9t][template][main.py] | [stealth             ] T1497-001    1_validaccount_pam-28               videoserver  n_triples=  17 -> /csse/research/contructive-learning/CAM-LDS/sequences/stealth/T1497-001/sequence_1_validaccount_pam-28_videoserver.json
[9t][template][main.py] | [stealth             ] T1497-001    1_validaccount_sshkey-28            videoserver  n_triples=   7 -> /csse/research/contructive-learning/CAM-LDS/sequences/stealth/T1497-001/sequence_1_validaccount_sshkey-28_videoserver.json
[9t][template][main.py] | [stealth             ] T1564-000    2_rootkit-27                        videoserver  n_triples=   3 -> /csse/research/contructive-learning/CAM-LDS/sequences/stealth/T1564-000/sequence_2_rootkit-27_videoserver.json
[9t][template][main.py] | [stealth             ] T1564-001    3_ssh_apt-11                        reposerver   n_triples=   1 -> /csse/research/contructive-learning/CAM-LDS/sequences/stealth/T1564-001/sequence_3_ssh_apt-11_reposerver.json
[9t][template][main.py] | [stealth             ] T1564-001    3_vnc_apt-50                        reposerver   n_triples=   1 -> /csse/research/contructive-learning/CAM-LDS/sequences/stealth/T1564-001/sequence_3_vnc_apt-50_reposerver.json
[9t][template][main.py] | [stealth             ] T1564-001    6_macro_binary-16                   client       n_triples=  31 -> /csse/research/contructive-learning/CAM-LDS/sequences/stealth/T1564-001/sequence_6_macro_binary-16_client.json
[9t][template][main.py] | [stealth             ] T1564-001    6_screensharing_binary-49           client       n_triples=   2 -> /csse/research/contructive-learning/CAM-LDS/sequences/stealth/T1564-001/sequence_6_screensharing_binary-49_client.json
[9t][template][main.py] | [stealth             ] T1574-000    2_rootkit-27                        videoserver  n_triples=   3 -> /csse/research/contructive-learning/CAM-LDS/sequences/stealth/T1574-000/sequence_2_rootkit-27_videoserver.json
[9t][template][main.py] | [stealth             ] T1574-000    3_ssh_apt-12                        reposerver   n_triples=  43 -> /csse/research/contructive-learning/CAM-LDS/sequences/stealth/T1574-000/sequence_3_ssh_apt-12_reposerver.json
[9t][template][main.py] | [stealth             ] T1574-000    3_ssh_apt-14                        reposerver   n_triples=   3 -> /csse/research/contructive-learning/CAM-LDS/sequences/stealth/T1574-000/sequence_3_ssh_apt-14_reposerver.json
[9t][template][main.py] | [stealth             ] T1574-000    3_vnc_apt-51                        reposerver   n_triples=   9 -> /csse/research/contructive-learning/CAM-LDS/sequences/stealth/T1574-000/sequence_3_vnc_apt-51_reposerver.json
[9t][template][main.py] | [stealth             ] T1574-008    6_macro_binary-12                   client       n_triples=  23 -> /csse/research/contructive-learning/CAM-LDS/sequences/stealth/T1574-008/sequence_6_macro_binary-12_client.json
[9t][template][main.py] | [stealth             ] T1574-008    6_screensharing_binary-57           client       n_triples=   2 -> /csse/research/contructive-learning/CAM-LDS/sequences/stealth/T1574-008/sequence_6_screensharing_binary-57_client.json
[9t][template][main.py] | 
[9t][template][main.py] | Built 315 sequences (0 empty) -> /csse/research/contructive-learning/CAM-LDS/sequences
[9t][template][main.py] |   [cache] saved -> /csse/research/contructive-learning/CAM-LDS/cache/stage4_build_sequences.pkl
[9t][template][main.py] | 
[9t][template][main.py] | Stage 5 / 6 — contrastive training (multi-label class prototypes)  [run_tag=seed1_9tactic]
[9t][template][main.py] | 
[9t][template][main.py] |   Device   : cuda
[9t][template][main.py] | 
[9t][template][main.py] |   Loaded 159 unique sequences (99 multi-tactic — kept as multi-label, not dropped).
[9t][template][main.py] |     - 1_cron_localaccount-32 : ['execution', 'persistence', 'privilege_escalation']
[9t][template][main.py] |     - 3_ssh_apt-16 : ['command_and_control', 'execution', 'persistence', 'privilege_escalation']
[9t][template][main.py] |     - 6_macro_binary-20 : ['execution', 'persistence', 'privilege_escalation']
[9t][template][main.py] |     - 6_macro_binary-21 : ['execution', 'persistence', 'privilege_escalation']
[9t][template][main.py] |     - 6_macro_binary-22 : ['execution', 'persistence', 'privilege_escalation']
[9t][template][main.py] |     - 6_macro_cron-24 : ['execution', 'persistence', 'privilege_escalation']
[9t][template][main.py] |     - 7-10 : ['execution', 'lateral_movement', 'persistence', 'privilege_escalation']
[9t][template][main.py] |     - 3_ssh_apt-1 : ['credential_access', 'initial_access', 'persistence', 'privilege_escalation', 'stealth']
[9t][template][main.py] |     - 3_ssh_apt-2 : ['initial_access', 'persistence', 'privilege_escalation', 'stealth']
[9t][template][main.py] |     - 7-3 : ['credential_access', 'initial_access', 'persistence', 'privilege_escalation', 'stealth']
[9t][template][main.py] |     - 1_validaccount_localaccount-55 : ['initial_access', 'persistence', 'privilege_escalation', 'stealth']
[9t][template][main.py] |     - 1_validaccount_localaccount-56 : ['initial_access', 'persistence', 'privilege_escalation', 'stealth']
[9t][template][main.py] |     - 3_ssh_apt-4 : ['initial_access', 'persistence', 'privilege_escalation', 'stealth']
[9t][template][main.py] |     - 3_ssh_apt-5 : ['initial_access', 'persistence', 'privilege_escalation', 'stealth']
[9t][template][main.py] |     - 3_ssh_puppet-37 : ['initial_access', 'persistence', 'privilege_escalation', 'stealth']
[9t][template][main.py] |     - 4-19 : ['initial_access', 'persistence', 'privilege_escalation', 'stealth']
[9t][template][main.py] |     - 4-20 : ['initial_access', 'persistence', 'privilege_escalation', 'stealth']
[9t][template][main.py] |     - 4-21 : ['initial_access', 'persistence', 'privilege_escalation', 'stealth']
[9t][template][main.py] |     - 4-3 : ['command_and_control', 'initial_access', 'persistence', 'privilege_escalation', 'stealth']
[9t][template][main.py] |     - 4-4 : ['initial_access', 'persistence', 'privilege_escalation', 'stealth']
[9t][template][main.py] |     - 4-5 : ['initial_access', 'persistence', 'privilege_escalation', 'stealth']
[9t][template][main.py] | /csse/research/contructive-learning/.venv/lib/python3.9/site-packages/transformers/tokenization_utils_base.py:1601: FutureWarning: `clean_up_tokenization_spaces` was not set. It will be set to `True` by default. This behavior will be depracted in transformers v4.45, and will be then set to `False` by default. For more details check this issue: https://github.com/huggingface/transformers/issues/31884
[9t][template][main.py] |   warnings.warn(
[9t][template][main.py] | Some weights of RobertaModel were not initialized from the model checkpoint at FacebookAI/roberta-base and are newly initialized: ['roberta.pooler.dense.bias', 'roberta.pooler.dense.weight']
[9t][template][main.py] | You should probably TRAIN this model on a down-stream task to be able to use it for predictions and inference.
[9t][template][main.py] | Some weights of RobertaModel were not initialized from the model checkpoint at FacebookAI/roberta-base and are newly initialized: ['roberta.pooler.dense.bias', 'roberta.pooler.dense.weight']
[9t][template][main.py] | You should probably TRAIN this model on a down-stream task to be able to use it for predictions and inference.
[9t][template][main.py] | Token indices sequence length is longer than the specified maximum sequence length for this model (20457 > 512). Running this sequence through the model will result in indexing errors
[2026-08-08 03:00:38] Overnight tactic sweep starting. Base 9 tactics: ['privilege_escalation', 'command_and_control', 'credential_access', 'execution', 'initial_access', 'lateral_movement', 'persistence', 'stealth', 'defense_impairment']
[2026-08-08 03:00:38] Add order for 10-14: ['reconnaissance', 'impact', 'discovery', 'collection', 'exfiltration']
[2026-08-08 03:00:38] ================================================================================
[2026-08-08 03:00:38] STAGE: 9 tactics -> adding "defense_impairment (base)"  tactics=['privilege_escalation', 'command_and_control', 'credential_access', 'execution', 'initial_access', 'lateral_movement', 'persistence', 'stealth', 'defense_impairment']
[2026-08-08 03:00:38] ================================================================================
[2026-08-08 03:00:42] [9t][template][main.py] :: RUNNING: /csse/research/contructive-learning/.venv/bin/python3 main.py --split-seed 1 --test-size 0.1 --run-tag seed1_9tactic --force
[9t][template][main.py] | Stage 1 / 6 — group_by_tactic (rebuild grouped_by_tactic/ from MITRE mapping)
[9t][template][main.py] | 
[9t][template][main.py] | Grouped 124 technique-tactic placements across 14 tactics.
[9t][template][main.py] |   collection             9 techniques
[9t][template][main.py] |   command_and_control    7 techniques
[9t][template][main.py] |   credential_access      9 techniques
[9t][template][main.py] |   defense_impairment     3 techniques
[9t][template][main.py] |   discovery              21 techniques
[9t][template][main.py] |   execution              12 techniques
[9t][template][main.py] |   exfiltration           1 techniques
[9t][template][main.py] |   impact                 6 techniques
[9t][template][main.py] |   initial_access         5 techniques
[9t][template][main.py] |   lateral_movement       7 techniques
[9t][template][main.py] |   persistence            14 techniques
[9t][template][main.py] |   privilege_escalation   10 techniques
[9t][template][main.py] |   reconnaissance         7 techniques
[9t][template][main.py] |   stealth                13 techniques
[9t][template][main.py] |   [cache] saved -> /csse/research/contructive-learning/CAM-LDS/cache/stage1_group_by_tactic.pkl
[9t][template][main.py] | 
[9t][template][main.py] | Stage 2 / 6 — step_tactic_lookup (build step_tactics.json)
[9t][template][main.py] | 
[9t][template][main.py] | Total distinct step names (with audit.log) : 159
[9t][template][main.py] |   step names appearing under 1 technique    : 116
[9t][template][main.py] |   step names appearing under 2+ techniques  : 43
[9t][template][main.py] | 
[9t][template][main.py] | All step names (showing first 20 of 159):
[9t][template][main.py] | 
[9t][template][main.py] |   step=1_pwnkit_sshkey-43
[9t][template][main.py] |     T1098-004    tactics=['persistence', 'privilege_escalation']
[9t][template][main.py] |     T1105-000    tactics=['command_and_control']
[9t][template][main.py] | 
[9t][template][main.py] |   step=1_pwnkit_sshkey-44
[9t][template][main.py] |     T1098-004    tactics=['persistence', 'privilege_escalation']
[9t][template][main.py] |     T1218-000    tactics=['stealth']
[9t][template][main.py] | 
[9t][template][main.py] |   step=1_cron_sshkey-30
[9t][template][main.py] |     T1098-004    tactics=['persistence', 'privilege_escalation']
[9t][template][main.py] | 
[9t][template][main.py] |   step=1_sudo_localaccount-53
[9t][template][main.py] |     T1548-003    tactics=['privilege_escalation']
[9t][template][main.py] | 
[9t][template][main.py] |   step=1_sudo_sshkey-54
[9t][template][main.py] |     T1548-003    tactics=['privilege_escalation']
[9t][template][main.py] | 
[9t][template][main.py] |   step=4-7
[9t][template][main.py] |     T1548-003    tactics=['privilege_escalation']
[9t][template][main.py] | 
[9t][template][main.py] |   step=1_sudo_pam-54
[9t][template][main.py] |     T1548-003    tactics=['privilege_escalation']
[9t][template][main.py] | 
[9t][template][main.py] |   step=1_sudo_sshkey-53
[9t][template][main.py] |     T1548-003    tactics=['privilege_escalation']
[9t][template][main.py] | 
[9t][template][main.py] |   step=1_sudo_localaccount-54
[9t][template][main.py] |     T1548-003    tactics=['privilege_escalation']
[9t][template][main.py] | 
[9t][template][main.py] |   step=4-8
[9t][template][main.py] |     T1548-003    tactics=['privilege_escalation']
[9t][template][main.py] | 
[9t][template][main.py] |   step=1_sudo_pam-53
[9t][template][main.py] |     T1548-003    tactics=['privilege_escalation']
[9t][template][main.py] | 
[9t][template][main.py] |   step=1_pwnkit_localaccount-36
[9t][template][main.py] |     T1068-000    tactics=['privilege_escalation']
[9t][template][main.py] | 
[9t][template][main.py] |   step=3_ssh_apt-2
[9t][template][main.py] |     T1078-002    tactics=['initial_access', 'persistence', 'privilege_escalation', 'stealth']
[9t][template][main.py] | 
[9t][template][main.py] |   step=3_ssh_apt-1
[9t][template][main.py] |     T1078-002    tactics=['initial_access', 'persistence', 'privilege_escalation', 'stealth']
[9t][template][main.py] |     T1110-001    tactics=['credential_access']
[9t][template][main.py] |     T1133-000    tactics=['initial_access', 'persistence']
[9t][template][main.py] | 
[9t][template][main.py] |   step=7-3
[9t][template][main.py] |     T1078-002    tactics=['initial_access', 'persistence', 'privilege_escalation', 'stealth']
[9t][template][main.py] |     T1110-001    tactics=['credential_access']
[9t][template][main.py] |     T1133-000    tactics=['initial_access', 'persistence']
[9t][template][main.py] | 
[9t][template][main.py] |   step=4-4
[9t][template][main.py] |     T1078-003    tactics=['initial_access', 'persistence', 'privilege_escalation', 'stealth']
[9t][template][main.py] | 
[9t][template][main.py] |   step=4-20
[9t][template][main.py] |     T1078-003    tactics=['initial_access', 'persistence', 'privilege_escalation', 'stealth']
[9t][template][main.py] | 
[9t][template][main.py] |   step=1_validaccount_localaccount-55
[9t][template][main.py] |     T1078-003    tactics=['initial_access', 'persistence', 'privilege_escalation', 'stealth']
[9t][template][main.py] | 
[9t][template][main.py] |   step=1_validaccount_localaccount-56
[9t][template][main.py] |     T1078-003    tactics=['initial_access', 'persistence', 'privilege_escalation', 'stealth']
[9t][template][main.py] | 
[9t][template][main.py] |   step=4-21
[9t][template][main.py] |     T1078-003    tactics=['initial_access', 'persistence', 'privilege_escalation', 'stealth']
[9t][template][main.py] | 
[9t][template][main.py] | Saved -> /csse/research/contructive-learning/CAM-LDS/scripts/step_tactics.json
[9t][template][main.py] |   [cache] saved -> /csse/research/contructive-learning/CAM-LDS/cache/stage2_step_tactic_lookup.pkl
[9t][template][main.py] | 
[9t][template][main.py] | Stage 3 / 6 — parse_audit (audit.log -> parsed events + subgraphs)
[9t][template][main.py] | 
[9t][template][main.py] | [privilege_escalation] T1053-000    1_cron_localaccount-32       videoserver  →   72 events
[9t][template][main.py] | [privilege_escalation] T1053-003    3_ssh_apt-16                 reposerver   →    5 events
[9t][template][main.py] | [privilege_escalation] T1053-003    6_macro_binary-20            client       →  150 events
[9t][template][main.py] | [privilege_escalation] T1053-003    6_macro_binary-21            client       →   15 events
[9t][template][main.py] | [privilege_escalation] T1053-003    6_macro_binary-22            client       →   18 events
[9t][template][main.py] | [privilege_escalation] T1053-003    6_macro_cron-24              client       →   15 events
[9t][template][main.py] | [privilege_escalation] T1053-003    7-10                         docker       →  256 events
[9t][template][main.py] | [privilege_escalation] T1068-000    1_pwnkit_localaccount-36     videoserver  →   13 events
[9t][template][main.py] | [privilege_escalation] T1078-002    3_ssh_apt-1                  reposerver   →  852 events
[9t][template][main.py] | [privilege_escalation] T1078-002    3_ssh_apt-2                  reposerver   →  336 events
[9t][template][main.py] | [privilege_escalation] T1078-002    7-3                          docker       →  386 events
[9t][template][main.py] | [privilege_escalation] T1078-003    1_validaccount_localaccount-55 videoserver  →    1 events
[9t][template][main.py] | [privilege_escalation] T1078-003    1_validaccount_localaccount-56 videoserver  →   93 events
[9t][template][main.py] | [privilege_escalation] T1078-003    3_ssh_apt-4                  reposerver   →   48 events
[9t][template][main.py] | [privilege_escalation] T1078-003    3_ssh_apt-5                  reposerver   →    3 events
[9t][template][main.py] | [privilege_escalation] T1078-003    3_ssh_puppet-37              reposerver   →  336 events
[9t][template][main.py] | [privilege_escalation] T1078-003    4-19                         reposerver   →  205 events
[9t][template][main.py] | [privilege_escalation] T1078-003    4-20                         linuxshare   →    8 events
[9t][template][main.py] | [privilege_escalation] T1078-003    4-21                         linuxshare   →   80 events
[9t][template][main.py] | [privilege_escalation] T1078-003    4-3                          reposerver   →  750 events
[9t][template][main.py] | [privilege_escalation] T1078-003    4-4                          reposerver   →  336 events
[9t][template][main.py] | [privilege_escalation] T1078-003    4-5                          reposerver   →   81 events
[9t][template][main.py] | [privilege_escalation] T1078-003    4-6                          linuxshare   →   42 events
[9t][template][main.py] | [privilege_escalation] T1098-004    1_cron_sshkey-30             videoserver  →   16 events
[9t][template][main.py] | [privilege_escalation] T1098-004    1_pwnkit_sshkey-43           videoserver  →    2 events
[9t][template][main.py] | [privilege_escalation] T1098-004    1_pwnkit_sshkey-44           videoserver  →    8 events
[9t][template][main.py] | [privilege_escalation] T1543-002    2_rootkit-26                 videoserver  →    3 events
[9t][template][main.py] | [privilege_escalation] T1543-002    2_rootkit-28                 videoserver  →   28 events
[9t][template][main.py] | [privilege_escalation] T1543-002    2_rootkit-29                 videoserver  →  197 events
[9t][template][main.py] | [privilege_escalation] T1543-002    4-12                         inetfw       →    1 events
[9t][template][main.py] | [privilege_escalation] T1543-002    4-13                         linuxshare   →   11 events
[9t][template][main.py] | [privilege_escalation] T1543-002    4-14                         inetfw       →   43 events
[9t][template][main.py] | [privilege_escalation] T1543-002    4-15                         inetfw       →   22 events
[9t][template][main.py] | [privilege_escalation] T1546-000    1_racecondition_localaccount-48 videoserver  →    2 events
[9t][template][main.py] | [privilege_escalation] T1546-000    1_racecondition_localaccount-49 videoserver  →   11 events
[9t][template][main.py] | [privilege_escalation] T1546-000    1_racecondition_localaccount-50 videoserver  →   28 events
[9t][template][main.py] | [privilege_escalation] T1546-000    1_racecondition_localaccount-52 inetfw       →   10 events
[9t][template][main.py] | [privilege_escalation] T1546-000    6_macro_binary-12            client       →   23 events
[9t][template][main.py] | [privilege_escalation] T1547-000    1_autostart_localaccount-15  videoserver  →  198 events
[9t][template][main.py] | [privilege_escalation] T1547-000    1_autostart_localaccount-16  videoserver  →  275 events
[9t][template][main.py] | [privilege_escalation] T1547-000    2_cron-4                     videoserver  →    5 events
[9t][template][main.py] | [privilege_escalation] T1548-003    1_sudo_localaccount-53       videoserver  →   14 events
[9t][template][main.py] | [privilege_escalation] T1548-003    1_sudo_localaccount-54       videoserver  →    3 events
[9t][template][main.py] | [privilege_escalation] T1548-003    1_sudo_pam-53                videoserver  →   14 events
[9t][template][main.py] | [privilege_escalation] T1548-003    1_sudo_pam-54                videoserver  →    3 events
[9t][template][main.py] | [privilege_escalation] T1548-003    1_sudo_sshkey-53             videoserver  →   14 events
[9t][template][main.py] | [privilege_escalation] T1548-003    1_sudo_sshkey-54             inetfw       →    6 events
[9t][template][main.py] | [privilege_escalation] T1548-003    4-7                          inetfw       →    6 events
[9t][template][main.py] | [privilege_escalation] T1548-003    4-8                          inetfw       →   34 events
[9t][template][main.py] | [command_and_control ] T1071-001    2_cron-2                     videoserver  →   12 events
[9t][template][main.py] | [command_and_control ] T1071-001    3_ssh_apt-16                 reposerver   →    5 events
[9t][template][main.py] | [command_and_control ] T1071-001    4-16                         inetfw       →   35 events
[9t][template][main.py] | [command_and_control ] T1095-000    7-6                          docker       →   46 events
[9t][template][main.py] | [command_and_control ] T1105-000    1_pwnkit_localaccount-35     videoserver  →    2 events
[9t][template][main.py] | [command_and_control ] T1105-000    1_pwnkit_localaccount-38     videoserver  →    2 events
[9t][template][main.py] | [command_and_control ] T1105-000    1_pwnkit_pam-41              videoserver  →    2 events
[9t][template][main.py] | [command_and_control ] T1105-000    1_pwnkit_sshkey-43           videoserver  →    2 events
[9t][template][main.py] | [command_and_control ] T1105-000    2_cron-19                    videoserver  →    4 events
[9t][template][main.py] | [command_and_control ] T1105-000    2_cron-3                     videoserver  →   10 events
[9t][template][main.py] | [command_and_control ] T1105-000    2_rootkit-23                 videoserver  →    8 events
[9t][template][main.py] | [command_and_control ] T1105-000    3_ssh_apt-16                 reposerver   →    5 events
[9t][template][main.py] | [command_and_control ] T1105-000    3_ssh_apt-25                 linuxshare   →    2 events
[9t][template][main.py] | [command_and_control ] T1105-000    3_ssh_puppet-40              linuxshare   →  148 events
[9t][template][main.py] | [command_and_control ] T1105-000    3_vnc_puppet-60              linuxshare   →   91 events
[9t][template][main.py] | [command_and_control ] T1105-000    4-3                          reposerver   →  750 events
[9t][template][main.py] | [command_and_control ] T1105-000    6_macro_binary-1             client       →    2 events
[9t][template][main.py] | [command_and_control ] T1105-000    6_macro_binary-11            client       →   85 events
[9t][template][main.py] | [command_and_control ] T1105-000    6_screensharing_binary-14    client       →    2 events
[9t][template][main.py] | [command_and_control ] T1105-000    6_screensharing_binary-39    videoserver  →   36 events
[9t][template][main.py] | [command_and_control ] T1105-000    6_screensharing_binary-4     client       → 1885 events
[9t][template][main.py] | [command_and_control ] T1105-000    6_screensharing_binary-49    client       →    2 events
[9t][template][main.py] | [command_and_control ] T1105-000    6_screensharing_binary-53    client       →    2 events
[9t][template][main.py] | [command_and_control ] T1205-001    4-16                         inetfw       →   35 events
[9t][template][main.py] | [command_and_control ] T1205-001    4-3                          reposerver   →  750 events
[9t][template][main.py] | [command_and_control ] T1205-001    4-9                          inetfw       →   29 events
[9t][template][main.py] | [command_and_control ] T1219-000    6_screensharing_binary-41    client       → 2754 events
[9t][template][main.py] | [command_and_control ] T1219-000    6_screensharing_binary-43    client       →   37 events
[9t][template][main.py] | [command_and_control ] T1219-000    6_screensharing_binary-44    videoserver  →   12 events
[9t][template][main.py] | [command_and_control ] T1219-000    6_screensharing_binary-45    client       →   71 events
[9t][template][main.py] | [command_and_control ] T1219-000    6_screensharing_binary-46    client       →   32 events
[9t][template][main.py] | [command_and_control ] T1219-000    6_screensharing_binary-47    client       →   12 events
[9t][template][main.py] | [command_and_control ] T1219-000    6_screensharing_binary-49    client       →    2 events
[9t][template][main.py] | [command_and_control ] T1219-000    6_screensharing_binary-51    client       →   23 events
[9t][template][main.py] | [command_and_control ] T1219-000    6_screensharing_binary-53    client       →    2 events
[9t][template][main.py] | [command_and_control ] T1219-000    6_screensharing_binary-57    client       →    2 events
[9t][template][main.py] | [command_and_control ] T1219-000    6_screensharing_binary-59    client       →  452 events
[9t][template][main.py] | [command_and_control ] T1573-001    2_cron-2                     videoserver  →   12 events
[9t][template][main.py] | [credential_access   ] T1003-000    2_cron-8                     videoserver  →    3 events
[9t][template][main.py] | [credential_access   ] T1003-008    2_cron-11                    videoserver  →   17 events
[9t][template][main.py] | [credential_access   ] T1003-008    2_cron-17                    videoserver  →    4 events
[9t][template][main.py] | [credential_access   ] T1003-008    3_ssh_puppet-6               reposerver   →    2 events
[9t][template][main.py] | [credential_access   ] T1003-008    3_vnc_apt-45                 reposerver   →    2 events
[9t][template][main.py] | [credential_access   ] T1003-008    7-13                         docker       →   30 events
[9t][template][main.py] | [credential_access   ] T1040-000    3_ssh_apt-3                  reposerver   →  436 events
[9t][template][main.py] | [credential_access   ] T1040-000    5-2                          videoserver  →   53 events
[9t][template][main.py] | [credential_access   ] T1056-001    6_plugin-26                  client       → 2841 events
[9t][template][main.py] | [credential_access   ] T1056-001    6_plugin-28                  client       → 3712 events
[9t][template][main.py] | [credential_access   ] T1056-001    6_plugin-29                  client       →   16 events
[9t][template][main.py] | [credential_access   ] T1056-001    6_plugin-30                  client       →    3 events
[9t][template][main.py] | [credential_access   ] T1056-001    6_plugin-31                  client       →    5 events
[9t][template][main.py] | [credential_access   ] T1056-001    6_plugin-32                  client       →   36 events
[9t][template][main.py] | [credential_access   ] T1056-001    6_plugin-33                  client       →    5 events
[9t][template][main.py] | [credential_access   ] T1056-001    6_plugin-34                  client       →    6 events
[9t][template][main.py] | [credential_access   ] T1056-004    6_plugin-26                  client       → 2841 events
[9t][template][main.py] | [credential_access   ] T1056-004    6_plugin-28                  client       → 3712 events
[9t][template][main.py] | [credential_access   ] T1056-004    6_plugin-29                  client       →   16 events
[9t][template][main.py] | [credential_access   ] T1056-004    6_plugin-30                  client       →    3 events
[9t][template][main.py] | [credential_access   ] T1056-004    6_plugin-33                  client       →    5 events
[9t][template][main.py] | [credential_access   ] T1056-004    6_plugin-34                  client       →    6 events
[9t][template][main.py] | [credential_access   ] T1056-004    6_plugin-35                  client       →   33 events
[9t][template][main.py] | [credential_access   ] T1110-001    3_ssh_apt-1                  reposerver   →  852 events
[9t][template][main.py] | [credential_access   ] T1110-001    3_vnc_healthcheck-55         linuxshare   →  264 events
[9t][template][main.py] | [credential_access   ] T1110-001    3_vnc_puppet-58              linuxshare   →  252 events
[9t][template][main.py] | [credential_access   ] T1110-001    7-3                          docker       →  386 events
[9t][template][main.py] | [credential_access   ] T1528-000    5-2                          videoserver  →   53 events
[9t][template][main.py] | [credential_access   ] T1556-003    1_pwnkit_pam-41              videoserver  →    2 events
[9t][template][main.py] | [credential_access   ] T1556-003    1_pwnkit_pam-42              videoserver  →   11 events
[9t][template][main.py] | [execution           ] T1053-000    1_cron_localaccount-32       videoserver  →   72 events
[9t][template][main.py] | [execution           ] T1053-003    3_ssh_apt-16                 reposerver   →    5 events
[9t][template][main.py] | [execution           ] T1053-003    6_screensharing_cron-20      client       →    8 events
[9t][template][main.py] | [execution           ] T1053-003    6_screensharing_cron-21      videoserver  →   13 events
[9t][template][main.py] | [execution           ] T1053-003    6_screensharing_cron-22      client       →   60 events
[9t][template][main.py] | [execution           ] T1053-003    6_screensharing_cron-24      client       →   10 events
[9t][template][main.py] | [execution           ] T1053-003    7-10                         docker       →  256 events
[9t][template][main.py] | [execution           ] T1059-000    1_autostart_localaccount-10  videoserver  →    1 events
[9t][template][main.py] | [execution           ] T1059-000    1_autostart_localaccount-12  videoserver  →    1 events
[9t][template][main.py] | [execution           ] T1059-000    1_autostart_localaccount-7   videoserver  →    2 events
[9t][template][main.py] | [execution           ] T1059-000    1_cron_localaccount-33       videoserver  →    1 events
[9t][template][main.py] | [execution           ] T1059-000    1_racecondition_localaccount-46 videoserver  →    1 events
[9t][template][main.py] | [execution           ] T1059-000    3_ssh_apt-14                 reposerver   →    3 events
[9t][template][main.py] | [execution           ] T1059-000    3_ssh_apt-19                 linuxshare   →   73 events
[9t][template][main.py] | [execution           ] T1059-000    3_ssh_apt-20                 linuxshare   →    2 events
[9t][template][main.py] | [execution           ] T1059-000    3_ssh_apt-23                 linuxshare   →    1 events
[9t][template][main.py] | [execution           ] T1059-004    3_ssh_apt-10                 reposerver   →  651 events
[9t][template][main.py] | [execution           ] T1059-004    3_ssh_puppet-40              linuxshare   →  148 events
[9t][template][main.py] | [execution           ] T1059-004    3_vnc_apt-49                 linuxshare   →  270 events
[9t][template][main.py] | [execution           ] T1059-004    3_vnc_puppet-60              linuxshare   →   91 events
[9t][template][main.py] | [execution           ] T1059-004    6_macro_binary-5             client       →    5 events
[9t][template][main.py] | [execution           ] T1059-004    6_macro_binary-6             client       →  181 events
[9t][template][main.py] | [execution           ] T1059-004    6_macro_binary-9             client       →   20 events
[9t][template][main.py] | [execution           ] T1059-004    6_screensharing_binary-59    client       →  452 events
[9t][template][main.py] | [execution           ] T1059-004    7-6                          docker       →   46 events
[9t][template][main.py] | [execution           ] T1059-006    1_autostart_localaccount-5   videoserver  →   31 events
[9t][template][main.py] | [execution           ] T1072-000    3_ssh_apt-17                 reposerver   →   11 events
[9t][template][main.py] | [execution           ] T1072-000    3_ssh_apt-18                 linuxshare   →  736 events
[9t][template][main.py] | [execution           ] T1072-000    3_ssh_puppet-40              linuxshare   →  148 events
[9t][template][main.py] | [execution           ] T1072-000    3_vnc_apt-54                 linuxshare   →  600 events
[9t][template][main.py] | [execution           ] T1072-000    3_vnc_puppet-60              linuxshare   →   91 events
[9t][template][main.py] | [execution           ] T1204-001    6_screensharing_binary-39    videoserver  →   36 events
[9t][template][main.py] | [execution           ] T1204-001    6_screensharing_binary-41    client       → 2754 events
[9t][template][main.py] | [execution           ] T1204-002    6_macro_binary-1             client       →    2 events
[9t][template][main.py] | [execution           ] T1204-002    6_macro_binary-2             client       →  409 events
[9t][template][main.py] | [execution           ] T1569-000    2_cron-4                     videoserver  →    5 events
[9t][template][main.py] | [execution           ] T1574-000    2_rootkit-27                 videoserver  →    3 events
[9t][template][main.py] | [execution           ] T1574-000    3_ssh_apt-12                 reposerver   →   43 events
[9t][template][main.py] | [execution           ] T1574-000    3_ssh_apt-14                 reposerver   →    3 events
[9t][template][main.py] | [execution           ] T1574-000    3_vnc_apt-51                 reposerver   →    9 events
[9t][template][main.py] | [execution           ] T1574-008    6_macro_binary-12            client       →   23 events
[9t][template][main.py] | [execution           ] T1574-008    6_screensharing_binary-57    client       →    2 events
[9t][template][main.py] | [execution           ] T1610-000    7-10                         docker       →  256 events
[9t][template][main.py] | [initial_access      ] T1078-002    3_ssh_apt-1                  reposerver   →  852 events
[9t][template][main.py] | [initial_access      ] T1078-002    3_ssh_apt-2                  reposerver   →  336 events
[9t][template][main.py] | [initial_access      ] T1078-002    7-3                          docker       →  386 events
[9t][template][main.py] | [initial_access      ] T1078-003    1_validaccount_localaccount-55 videoserver  →    1 events
[9t][template][main.py] | [initial_access      ] T1078-003    1_validaccount_localaccount-56 videoserver  →   93 events
[9t][template][main.py] | [initial_access      ] T1078-003    3_ssh_apt-4                  reposerver   →   48 events
[9t][template][main.py] | [initial_access      ] T1078-003    3_ssh_apt-5                  reposerver   →    3 events
[9t][template][main.py] | [initial_access      ] T1078-003    3_ssh_puppet-37              reposerver   →  336 events
[9t][template][main.py] | [initial_access      ] T1078-003    4-19                         reposerver   →  205 events
[9t][template][main.py] | [initial_access      ] T1078-003    4-20                         linuxshare   →    8 events
[9t][template][main.py] | [initial_access      ] T1078-003    4-21                         linuxshare   →   80 events
[9t][template][main.py] | [initial_access      ] T1078-003    4-3                          reposerver   →  750 events
[9t][template][main.py] | [initial_access      ] T1078-003    4-4                          reposerver   →  336 events
[9t][template][main.py] | [initial_access      ] T1078-003    4-5                          reposerver   →   81 events
[9t][template][main.py] | [initial_access      ] T1078-003    4-6                          linuxshare   →   42 events
[9t][template][main.py] | [initial_access      ] T1133-000    3_ssh_apt-1                  reposerver   →  852 events
[9t][template][main.py] | [initial_access      ] T1133-000    7-3                          docker       →  386 events
[9t][template][main.py] | [initial_access      ] T1190-000    1_autostart_localaccount-5   videoserver  →   31 events
[9t][template][main.py] | [initial_access      ] T1190-000    7-6                          docker       →   46 events
[9t][template][main.py] | [initial_access      ] T1566-004    6_screensharing_binary-39    videoserver  →   36 events
[9t][template][main.py] | [initial_access      ] T1566-004    6_screensharing_binary-43    client       →   37 events
[9t][template][main.py] | [initial_access      ] T1566-004    6_screensharing_binary-44    videoserver  →   12 events
[9t][template][main.py] | [lateral_movement    ] T1021-000    2_rootkit-22                 videoserver  →   80 events
[9t][template][main.py] | [lateral_movement    ] T1021-004    2_cron-1                     videoserver  →   80 events
[9t][template][main.py] | [lateral_movement    ] T1021-005    3_vnc_apt-43                 linuxshare   →  137 events
[9t][template][main.py] | [lateral_movement    ] T1021-005    3_vnc_healthcheck-55         linuxshare   →  264 events
[9t][template][main.py] | [lateral_movement    ] T1021-005    3_vnc_puppet-58              linuxshare   →  252 events
[9t][template][main.py] | [lateral_movement    ] T1072-000    3_ssh_apt-17                 reposerver   →   11 events
[9t][template][main.py] | [lateral_movement    ] T1072-000    3_ssh_apt-18                 linuxshare   →  736 events
[9t][template][main.py] | [lateral_movement    ] T1072-000    3_ssh_puppet-40              linuxshare   →  148 events
[9t][template][main.py] | [lateral_movement    ] T1072-000    3_vnc_apt-54                 linuxshare   →  600 events
[9t][template][main.py] | [lateral_movement    ] T1072-000    3_vnc_puppet-60              linuxshare   →   91 events
[9t][template][main.py] | [lateral_movement    ] T1080-000    3_ssh_healthcheck-34         reposerver   →    8 events
[9t][template][main.py] | [lateral_movement    ] T1210-000    7-10                         docker       →  256 events
[9t][template][main.py] | [lateral_movement    ] T1550-001    5-3                          videoserver  →    2 events
[9t][template][main.py] | [persistence         ] T1053-000    1_cron_localaccount-32       videoserver  →   72 events
[9t][template][main.py] | [persistence         ] T1053-003    3_ssh_apt-16                 reposerver   →    5 events
[9t][template][main.py] | [persistence         ] T1053-003    6_macro_binary-20            client       →  150 events
[9t][template][main.py] | [persistence         ] T1053-003    6_macro_binary-21            client       →   15 events
[9t][template][main.py] | [persistence         ] T1053-003    6_macro_binary-22            client       →   18 events
[9t][template][main.py] | [persistence         ] T1053-003    6_macro_cron-24              client       →   15 events
[9t][template][main.py] | [persistence         ] T1053-003    7-10                         docker       →  256 events
[9t][template][main.py] | [persistence         ] T1078-002    3_ssh_apt-1                  reposerver   →  852 events
[9t][template][main.py] | [persistence         ] T1078-002    3_ssh_apt-2                  reposerver   →  336 events
[9t][template][main.py] | [persistence         ] T1078-002    7-3                          docker       →  386 events
[9t][template][main.py] | [persistence         ] T1078-003    1_validaccount_localaccount-55 videoserver  →    1 events
[9t][template][main.py] | [persistence         ] T1078-003    1_validaccount_localaccount-56 videoserver  →   93 events
[9t][template][main.py] | [persistence         ] T1078-003    3_ssh_apt-4                  reposerver   →   48 events
[9t][template][main.py] | [persistence         ] T1078-003    3_ssh_apt-5                  reposerver   →    3 events
[9t][template][main.py] | [persistence         ] T1078-003    3_ssh_puppet-37              reposerver   →  336 events
[9t][template][main.py] | [persistence         ] T1078-003    4-19                         reposerver   →  205 events
[9t][template][main.py] | [persistence         ] T1078-003    4-20                         linuxshare   →    8 events
[9t][template][main.py] | [persistence         ] T1078-003    4-21                         linuxshare   →   80 events
[9t][template][main.py] | [persistence         ] T1078-003    4-3                          reposerver   →  750 events
[9t][template][main.py] | [persistence         ] T1078-003    4-4                          reposerver   →  336 events
[9t][template][main.py] | [persistence         ] T1078-003    4-5                          reposerver   →   81 events
[9t][template][main.py] | [persistence         ] T1078-003    4-6                          linuxshare   →   42 events
[9t][template][main.py] | [persistence         ] T1098-004    1_pwnkit_sshkey-43           videoserver  →    2 events
[9t][template][main.py] | [persistence         ] T1098-004    1_pwnkit_sshkey-44           videoserver  →    8 events
[9t][template][main.py] | [persistence         ] T1133-000    3_ssh_apt-1                  reposerver   →  852 events
[9t][template][main.py] | [persistence         ] T1133-000    7-3                          docker       →  386 events
[9t][template][main.py] | [persistence         ] T1136-001    1_pwnkit_localaccount-38     videoserver  →    2 events
[9t][template][main.py] | [persistence         ] T1136-001    1_pwnkit_localaccount-39     videoserver  →   30 events
[9t][template][main.py] | [persistence         ] T1176-000    6_plugin-26                  client       → 2841 events
[9t][template][main.py] | [persistence         ] T1176-000    6_plugin-28                  client       → 3712 events
[9t][template][main.py] | [persistence         ] T1176-000    6_plugin-29                  client       →   16 events
[9t][template][main.py] | [persistence         ] T1176-000    6_plugin-30                  client       →    3 events
[9t][template][main.py] | [persistence         ] T1205-001    4-16                         inetfw       →   35 events
[9t][template][main.py] | [persistence         ] T1205-001    4-3                          reposerver   →  750 events
[9t][template][main.py] | [persistence         ] T1205-001    4-9                          inetfw       →   29 events
[9t][template][main.py] | [persistence         ] T1525-000    7-10                         docker       →  256 events
[9t][template][main.py] | [persistence         ] T1543-002    2_rootkit-26                 videoserver  →    3 events
[9t][template][main.py] | [persistence         ] T1543-002    2_rootkit-28                 videoserver  →   28 events
[9t][template][main.py] | [persistence         ] T1543-002    2_rootkit-29                 videoserver  →  197 events
[9t][template][main.py] | [persistence         ] T1543-002    4-12                         inetfw       →    1 events
[9t][template][main.py] | [persistence         ] T1543-002    4-13                         linuxshare   →   11 events
[9t][template][main.py] | [persistence         ] T1543-002    4-14                         inetfw       →   43 events
[9t][template][main.py] | [persistence         ] T1543-002    4-15                         inetfw       →   22 events
[9t][template][main.py] | [persistence         ] T1546-000    1_racecondition_localaccount-48 videoserver  →    2 events
[9t][template][main.py] | [persistence         ] T1546-000    1_racecondition_localaccount-49 videoserver  →   11 events
[9t][template][main.py] | [persistence         ] T1546-000    1_racecondition_localaccount-50 videoserver  →   28 events
[9t][template][main.py] | [persistence         ] T1546-000    1_racecondition_localaccount-52 inetfw       →   10 events
[9t][template][main.py] | [persistence         ] T1546-000    6_macro_binary-12            client       →   23 events
[9t][template][main.py] | [persistence         ] T1547-000    1_autostart_localaccount-15  videoserver  →  198 events
[9t][template][main.py] | [persistence         ] T1547-000    1_autostart_localaccount-16  videoserver  →  275 events
[9t][template][main.py] | [persistence         ] T1547-000    2_cron-4                     videoserver  →    5 events
[9t][template][main.py] | [persistence         ] T1556-003    1_cron_pam-29                videoserver  →    7 events
[9t][template][main.py] | [persistence         ] T1556-003    1_pwnkit_pam-41              videoserver  →    2 events
[9t][template][main.py] | [persistence         ] T1556-003    1_pwnkit_pam-42              videoserver  →   11 events
[9t][template][main.py] | [stealth             ] T1014-000    2_rootkit-27                 videoserver  →    3 events
[9t][template][main.py] | [stealth             ] T1036-005    3_ssh_apt-11                 reposerver   →    1 events
[9t][template][main.py] | [stealth             ] T1036-005    3_vnc_apt-50                 reposerver   →    1 events
[9t][template][main.py] | [stealth             ] T1036-005    4-16                         inetfw       →   35 events
[9t][template][main.py] | [stealth             ] T1036-005    4-9                          inetfw       →   29 events
[9t][template][main.py] | [stealth             ] T1070-003    6_macro_binary-23            client       →    7 events
[9t][template][main.py] | [stealth             ] T1070-004    1_cron_localaccount-34       videoserver  →    2 events
[9t][template][main.py] | [stealth             ] T1070-004    1_pwnkit_localaccount-40     videoserver  →    3 events
[9t][template][main.py] | [stealth             ] T1070-004    2_cron-14                    videoserver  →    4 events
[9t][template][main.py] | [stealth             ] T1070-004    4-10                         inetfw       →    2 events
[9t][template][main.py] | [stealth             ] T1078-002    3_ssh_apt-1                  reposerver   →  852 events
[9t][template][main.py] | [stealth             ] T1078-002    3_ssh_apt-2                  reposerver   →  336 events
[9t][template][main.py] | [stealth             ] T1078-002    7-3                          docker       →  386 events
[9t][template][main.py] | [stealth             ] T1078-003    1_validaccount_localaccount-55 videoserver  →    1 events
[9t][template][main.py] | [stealth             ] T1078-003    1_validaccount_localaccount-56 videoserver  →   93 events
[9t][template][main.py] | [stealth             ] T1078-003    3_ssh_apt-4                  reposerver   →   48 events
[9t][template][main.py] | [stealth             ] T1078-003    3_ssh_apt-5                  reposerver   →    3 events
[9t][template][main.py] | [stealth             ] T1078-003    3_ssh_puppet-37              reposerver   →  336 events
[9t][template][main.py] | [stealth             ] T1078-003    4-19                         reposerver   →  205 events
[9t][template][main.py] | [stealth             ] T1078-003    4-20                         linuxshare   →    8 events
[9t][template][main.py] | [stealth             ] T1078-003    4-21                         linuxshare   →   80 events
[9t][template][main.py] | [stealth             ] T1078-003    4-3                          reposerver   →  750 events
[9t][template][main.py] | [stealth             ] T1078-003    4-4                          reposerver   →  336 events
[9t][template][main.py] | [stealth             ] T1078-003    4-5                          reposerver   →   81 events
[9t][template][main.py] | [stealth             ] T1078-003    4-6                          linuxshare   →   42 events
[9t][template][main.py] | [stealth             ] T1205-001    4-16                         inetfw       →   35 events
[9t][template][main.py] | [stealth             ] T1205-001    4-3                          reposerver   →  750 events
[9t][template][main.py] | [stealth             ] T1205-001    4-9                          inetfw       →   29 events
[9t][template][main.py] | [stealth             ] T1218-000    1_pwnkit_localaccount-39     videoserver  →   30 events
[9t][template][main.py] | [stealth             ] T1218-000    1_pwnkit_pam-42              videoserver  →   11 events
[9t][template][main.py] | [stealth             ] T1218-000    1_pwnkit_sshkey-44           videoserver  →    8 events
[9t][template][main.py] | [stealth             ] T1497-001    1_cron_localaccount-28       videoserver  →   17 events
[9t][template][main.py] | [stealth             ] T1497-001    1_cron_pam-28                videoserver  →   17 events
[9t][template][main.py] | [stealth             ] T1497-001    1_cron_sshkey-28             videoserver  →    7 events
[9t][template][main.py] | [stealth             ] T1497-001    1_pwnkit_localaccount-28     videoserver  →   30 events
[9t][template][main.py] | [stealth             ] T1497-001    1_pwnkit_pam-28              videoserver  →   17 events
[9t][template][main.py] | [stealth             ] T1497-001    1_pwnkit_sshkey-28           videoserver  →    7 events
[9t][template][main.py] | [stealth             ] T1497-001    1_racecondition_localaccount-28 videoserver  →   20 events
[9t][template][main.py] | [stealth             ] T1497-001    1_racecondition_pam-28       videoserver  →   20 events
[9t][template][main.py] | [stealth             ] T1497-001    1_racecondition_sshkey-28    videoserver  →   11 events
[9t][template][main.py] | [stealth             ] T1497-001    1_sudo_localaccount-28       videoserver  →   17 events
[9t][template][main.py] | [stealth             ] T1497-001    1_sudo_pam-28                videoserver  →   17 events
[9t][template][main.py] | [stealth             ] T1497-001    1_sudo_sshkey-28             videoserver  →    7 events
[9t][template][main.py] | [stealth             ] T1497-001    1_validaccount_localaccount-28 videoserver  →   17 events
[9t][template][main.py] | [stealth             ] T1497-001    1_validaccount_pam-28        videoserver  →   17 events
[9t][template][main.py] | [stealth             ] T1497-001    1_validaccount_sshkey-28     videoserver  →    7 events
[9t][template][main.py] | [stealth             ] T1564-000    2_rootkit-27                 videoserver  →    3 events
[9t][template][main.py] | [stealth             ] T1564-001    3_ssh_apt-11                 reposerver   →    1 events
[9t][template][main.py] | [stealth             ] T1564-001    3_vnc_apt-50                 reposerver   →    1 events
[9t][template][main.py] | [stealth             ] T1564-001    6_macro_binary-16            client       →   31 events
[9t][template][main.py] | [stealth             ] T1564-001    6_screensharing_binary-49    client       →    2 events
[9t][template][main.py] | [stealth             ] T1574-000    2_rootkit-27                 videoserver  →    3 events
[9t][template][main.py] | [stealth             ] T1574-000    3_ssh_apt-12                 reposerver   →   43 events
[9t][template][main.py] | [stealth             ] T1574-000    3_ssh_apt-14                 reposerver   →    3 events
[9t][template][main.py] | [stealth             ] T1574-000    3_vnc_apt-51                 reposerver   →    9 events
[9t][template][main.py] | [stealth             ] T1574-008    6_macro_binary-12            client       →   23 events
[9t][template][main.py] | [stealth             ] T1574-008    6_screensharing_binary-57    client       →    2 events
[9t][template][main.py] | [defense_impairment  ] T1222-002    6_macro_binary-13            client       →   21 events
[9t][template][main.py] | [defense_impairment  ] T1222-002    6_macro_binary-17            client       →   21 events
[9t][template][main.py] | [defense_impairment  ] T1222-002    6_macro_binary-18            client       →   21 events
[9t][template][main.py] | [defense_impairment  ] T1222-002    6_screensharing_binary-51    client       →   23 events
[9t][template][main.py] | [defense_impairment  ] T1556-003    1_cron_pam-29                videoserver  →    7 events
[9t][template][main.py] | [defense_impairment  ] T1556-003    1_pwnkit_pam-41              videoserver  →    2 events
[9t][template][main.py] | [defense_impairment  ] T1556-003    1_pwnkit_pam-42              videoserver  →   11 events
[9t][template][main.py] | [defense_impairment  ] T1599-000    4-17                         inetfw       →   18 events
[9t][template][main.py] | [defense_impairment  ] T1599-000    4-18                         inetfw       →  350 events
[9t][template][main.py] | 
[9t][template][main.py] | Parsed 315 audit.log files, 62422 total events (83 non-primary host logs skipped).
[9t][template][main.py] | Event-type breakdown:
[9t][template][main.py] |   SYSCALL         58271
[9t][template][main.py] |   AVC             1171
[9t][template][main.py] |   USER_ACCT       357
[9t][template][main.py] |   USER_START      357
[9t][template][main.py] |   CRED_ACQ        314
[9t][template][main.py] |   CRED_DISP       292
[9t][template][main.py] |   USER_END        288
[9t][template][main.py] |   CRED_REFR       265
[9t][template][main.py] |   USER_LOGIN      237
[9t][template][main.py] |   BPF             170
[9t][template][main.py] |   LOGIN           152
[9t][template][main.py] |   USER_AUTH       148
[9t][template][main.py] |   NETFILTER_CFG   106
[9t][template][main.py] |   SERVICE_START   98
[9t][template][main.py] |   SERVICE_STOP    87
[9t][template][main.py] |   USER_CMD        78
[9t][template][main.py] |   ANOM_PROMISCUOUS 14
[9t][template][main.py] |   USER_ERR        7
[9t][template][main.py] |   ADD_USER        4
[9t][template][main.py] |   ANOM_ABEND      2
[9t][template][main.py] |   SYSTEM_SHUTDOWN 2
[9t][template][main.py] |   ADD_GROUP       2
[9t][template][main.py] |   [cache] saved -> /csse/research/contructive-learning/CAM-LDS/cache/stage3_parse_audit.pkl
[9t][template][main.py] | 
[9t][template][main.py] | Stage 4 / 6 — build_sequences (subgraphs -> sequences/)
[9t][template][main.py] | 
[9t][template][main.py] | Found 315 graph JSON files under /csse/research/contructive-learning/CAM-LDS/parser/subgraphs
[9t][template][main.py] | [command_and_control ] T1071-001    2_cron-2                            videoserver  n_triples=  12 -> /csse/research/contructive-learning/CAM-LDS/sequences/command_and_control/T1071-001/sequence_2_cron-2_videoserver.json
[9t][template][main.py] | [command_and_control ] T1071-001    3_ssh_apt-16                        reposerver   n_triples=   5 -> /csse/research/contructive-learning/CAM-LDS/sequences/command_and_control/T1071-001/sequence_3_ssh_apt-16_reposerver.json
[9t][template][main.py] | [command_and_control ] T1071-001    4-16                                inetfw       n_triples=  35 -> /csse/research/contructive-learning/CAM-LDS/sequences/command_and_control/T1071-001/sequence_4-16_inetfw.json
[9t][template][main.py] | [command_and_control ] T1095-000    7-6                                 docker       n_triples=  46 -> /csse/research/contructive-learning/CAM-LDS/sequences/command_and_control/T1095-000/sequence_7-6_docker-log.json
[9t][template][main.py] | [command_and_control ] T1105-000    1_pwnkit_localaccount-35            videoserver  n_triples=   2 -> /csse/research/contructive-learning/CAM-LDS/sequences/command_and_control/T1105-000/sequence_1_pwnkit_localaccount-35_videoserver.json
[9t][template][main.py] | [command_and_control ] T1105-000    1_pwnkit_localaccount-38            videoserver  n_triples=   2 -> /csse/research/contructive-learning/CAM-LDS/sequences/command_and_control/T1105-000/sequence_1_pwnkit_localaccount-38_videoserver.json
[9t][template][main.py] | [command_and_control ] T1105-000    1_pwnkit_pam-41                     videoserver  n_triples=   2 -> /csse/research/contructive-learning/CAM-LDS/sequences/command_and_control/T1105-000/sequence_1_pwnkit_pam-41_videoserver.json
[9t][template][main.py] | [command_and_control ] T1105-000    1_pwnkit_sshkey-43                  videoserver  n_triples=   2 -> /csse/research/contructive-learning/CAM-LDS/sequences/command_and_control/T1105-000/sequence_1_pwnkit_sshkey-43_videoserver.json
[9t][template][main.py] | [command_and_control ] T1105-000    2_cron-19                           videoserver  n_triples=   4 -> /csse/research/contructive-learning/CAM-LDS/sequences/command_and_control/T1105-000/sequence_2_cron-19_videoserver.json
[9t][template][main.py] | [command_and_control ] T1105-000    2_cron-3                            videoserver  n_triples=  10 -> /csse/research/contructive-learning/CAM-LDS/sequences/command_and_control/T1105-000/sequence_2_cron-3_videoserver.json
[9t][template][main.py] | [command_and_control ] T1105-000    2_rootkit-23                        videoserver  n_triples=   8 -> /csse/research/contructive-learning/CAM-LDS/sequences/command_and_control/T1105-000/sequence_2_rootkit-23_videoserver.json
[9t][template][main.py] | [command_and_control ] T1105-000    3_ssh_apt-16                        reposerver   n_triples=   5 -> /csse/research/contructive-learning/CAM-LDS/sequences/command_and_control/T1105-000/sequence_3_ssh_apt-16_reposerver.json
[9t][template][main.py] | [command_and_control ] T1105-000    3_ssh_apt-25                        linuxshare   n_triples=   2 -> /csse/research/contructive-learning/CAM-LDS/sequences/command_and_control/T1105-000/sequence_3_ssh_apt-25_linuxshare.json
[9t][template][main.py] | [command_and_control ] T1105-000    3_ssh_puppet-40                     linuxshare   n_triples= 148 -> /csse/research/contructive-learning/CAM-LDS/sequences/command_and_control/T1105-000/sequence_3_ssh_puppet-40_linuxshare.json
[9t][template][main.py] | [command_and_control ] T1105-000    3_vnc_puppet-60                     linuxshare   n_triples=  91 -> /csse/research/contructive-learning/CAM-LDS/sequences/command_and_control/T1105-000/sequence_3_vnc_puppet-60_linuxshare.json
[9t][template][main.py] | [command_and_control ] T1105-000    4-3                                 reposerver   n_triples= 750 -> /csse/research/contructive-learning/CAM-LDS/sequences/command_and_control/T1105-000/sequence_4-3_reposerver.json
[9t][template][main.py] | [command_and_control ] T1105-000    6_macro_binary-11                   client       n_triples=  85 -> /csse/research/contructive-learning/CAM-LDS/sequences/command_and_control/T1105-000/sequence_6_macro_binary-11_client.json
[9t][template][main.py] | [command_and_control ] T1105-000    6_macro_binary-1                    client       n_triples=   2 -> /csse/research/contructive-learning/CAM-LDS/sequences/command_and_control/T1105-000/sequence_6_macro_binary-1_client.json
[9t][template][main.py] | [command_and_control ] T1105-000    6_screensharing_binary-14           client       n_triples=   2 -> /csse/research/contructive-learning/CAM-LDS/sequences/command_and_control/T1105-000/sequence_6_screensharing_binary-14_client.json
[9t][template][main.py] | [command_and_control ] T1105-000    6_screensharing_binary-39           videoserver  n_triples=  36 -> /csse/research/contructive-learning/CAM-LDS/sequences/command_and_control/T1105-000/sequence_6_screensharing_binary-39_videoserver.json
[9t][template][main.py] | [command_and_control ] T1105-000    6_screensharing_binary-49           client       n_triples=   2 -> /csse/research/contructive-learning/CAM-LDS/sequences/command_and_control/T1105-000/sequence_6_screensharing_binary-49_client.json
[9t][template][main.py] | [command_and_control ] T1105-000    6_screensharing_binary-4            client       n_triples=1885 -> /csse/research/contructive-learning/CAM-LDS/sequences/command_and_control/T1105-000/sequence_6_screensharing_binary-4_client.json
[9t][template][main.py] | [command_and_control ] T1105-000    6_screensharing_binary-53           client       n_triples=   2 -> /csse/research/contructive-learning/CAM-LDS/sequences/command_and_control/T1105-000/sequence_6_screensharing_binary-53_client.json
[9t][template][main.py] | [command_and_control ] T1205-001    4-16                                inetfw       n_triples=  35 -> /csse/research/contructive-learning/CAM-LDS/sequences/command_and_control/T1205-001/sequence_4-16_inetfw.json
[9t][template][main.py] | [command_and_control ] T1205-001    4-3                                 reposerver   n_triples= 750 -> /csse/research/contructive-learning/CAM-LDS/sequences/command_and_control/T1205-001/sequence_4-3_reposerver.json
[9t][template][main.py] | [command_and_control ] T1205-001    4-9                                 inetfw       n_triples=  29 -> /csse/research/contructive-learning/CAM-LDS/sequences/command_and_control/T1205-001/sequence_4-9_inetfw.json
[9t][template][main.py] | [command_and_control ] T1219-000    6_screensharing_binary-41           client       n_triples=2754 -> /csse/research/contructive-learning/CAM-LDS/sequences/command_and_control/T1219-000/sequence_6_screensharing_binary-41_client.json
[9t][template][main.py] | [command_and_control ] T1219-000    6_screensharing_binary-43           client       n_triples=  37 -> /csse/research/contructive-learning/CAM-LDS/sequences/command_and_control/T1219-000/sequence_6_screensharing_binary-43_client.json
[9t][template][main.py] | [command_and_control ] T1219-000    6_screensharing_binary-44           videoserver  n_triples=  12 -> /csse/research/contructive-learning/CAM-LDS/sequences/command_and_control/T1219-000/sequence_6_screensharing_binary-44_videoserver.json
[9t][template][main.py] | [command_and_control ] T1219-000    6_screensharing_binary-45           client       n_triples=  71 -> /csse/research/contructive-learning/CAM-LDS/sequences/command_and_control/T1219-000/sequence_6_screensharing_binary-45_client.json
[9t][template][main.py] | [command_and_control ] T1219-000    6_screensharing_binary-46           client       n_triples=  32 -> /csse/research/contructive-learning/CAM-LDS/sequences/command_and_control/T1219-000/sequence_6_screensharing_binary-46_client.json
[9t][template][main.py] | [command_and_control ] T1219-000    6_screensharing_binary-47           client       n_triples=  12 -> /csse/research/contructive-learning/CAM-LDS/sequences/command_and_control/T1219-000/sequence_6_screensharing_binary-47_client.json
[9t][template][main.py] | [command_and_control ] T1219-000    6_screensharing_binary-49           client       n_triples=   2 -> /csse/research/contructive-learning/CAM-LDS/sequences/command_and_control/T1219-000/sequence_6_screensharing_binary-49_client.json
[9t][template][main.py] | [command_and_control ] T1219-000    6_screensharing_binary-51           client       n_triples=  23 -> /csse/research/contructive-learning/CAM-LDS/sequences/command_and_control/T1219-000/sequence_6_screensharing_binary-51_client.json
[9t][template][main.py] | [command_and_control ] T1219-000    6_screensharing_binary-53           client       n_triples=   2 -> /csse/research/contructive-learning/CAM-LDS/sequences/command_and_control/T1219-000/sequence_6_screensharing_binary-53_client.json
[9t][template][main.py] | [command_and_control ] T1219-000    6_screensharing_binary-57           client       n_triples=   2 -> /csse/research/contructive-learning/CAM-LDS/sequences/command_and_control/T1219-000/sequence_6_screensharing_binary-57_client.json
[9t][template][main.py] | [command_and_control ] T1219-000    6_screensharing_binary-59           client       n_triples= 452 -> /csse/research/contructive-learning/CAM-LDS/sequences/command_and_control/T1219-000/sequence_6_screensharing_binary-59_client.json
[9t][template][main.py] | [command_and_control ] T1573-001    2_cron-2                            videoserver  n_triples=  12 -> /csse/research/contructive-learning/CAM-LDS/sequences/command_and_control/T1573-001/sequence_2_cron-2_videoserver.json
[9t][template][main.py] | [credential_access   ] T1003-000    2_cron-8                            videoserver  n_triples=   3 -> /csse/research/contructive-learning/CAM-LDS/sequences/credential_access/T1003-000/sequence_2_cron-8_videoserver.json
[9t][template][main.py] | [credential_access   ] T1003-008    2_cron-11                           videoserver  n_triples=  17 -> /csse/research/contructive-learning/CAM-LDS/sequences/credential_access/T1003-008/sequence_2_cron-11_videoserver.json
[9t][template][main.py] | [credential_access   ] T1003-008    2_cron-17                           videoserver  n_triples=   4 -> /csse/research/contructive-learning/CAM-LDS/sequences/credential_access/T1003-008/sequence_2_cron-17_videoserver.json
[9t][template][main.py] | [credential_access   ] T1003-008    3_ssh_puppet-6                      reposerver   n_triples=   2 -> /csse/research/contructive-learning/CAM-LDS/sequences/credential_access/T1003-008/sequence_3_ssh_puppet-6_reposerver.json
[9t][template][main.py] | [credential_access   ] T1003-008    3_vnc_apt-45                        reposerver   n_triples=   2 -> /csse/research/contructive-learning/CAM-LDS/sequences/credential_access/T1003-008/sequence_3_vnc_apt-45_reposerver.json
[9t][template][main.py] | [credential_access   ] T1003-008    7-13                                docker       n_triples=  30 -> /csse/research/contructive-learning/CAM-LDS/sequences/credential_access/T1003-008/sequence_7-13_docker.json
[9t][template][main.py] | [credential_access   ] T1040-000    3_ssh_apt-3                         reposerver   n_triples= 436 -> /csse/research/contructive-learning/CAM-LDS/sequences/credential_access/T1040-000/sequence_3_ssh_apt-3_reposerver.json
[9t][template][main.py] | [credential_access   ] T1040-000    5-2                                 videoserver  n_triples=  53 -> /csse/research/contructive-learning/CAM-LDS/sequences/credential_access/T1040-000/sequence_5-2_videoserver.json
[9t][template][main.py] | [credential_access   ] T1056-001    6_plugin-26                         client       n_triples=2841 -> /csse/research/contructive-learning/CAM-LDS/sequences/credential_access/T1056-001/sequence_6_plugin-26_client.json
[9t][template][main.py] | [credential_access   ] T1056-001    6_plugin-28                         client       n_triples=3712 -> /csse/research/contructive-learning/CAM-LDS/sequences/credential_access/T1056-001/sequence_6_plugin-28_client.json
[9t][template][main.py] | [credential_access   ] T1056-001    6_plugin-29                         client       n_triples=  16 -> /csse/research/contructive-learning/CAM-LDS/sequences/credential_access/T1056-001/sequence_6_plugin-29_client.json
[9t][template][main.py] | [credential_access   ] T1056-001    6_plugin-30                         client       n_triples=   3 -> /csse/research/contructive-learning/CAM-LDS/sequences/credential_access/T1056-001/sequence_6_plugin-30_client.json
[9t][template][main.py] | [credential_access   ] T1056-001    6_plugin-31                         client       n_triples=   5 -> /csse/research/contructive-learning/CAM-LDS/sequences/credential_access/T1056-001/sequence_6_plugin-31_client.json
[9t][template][main.py] | [credential_access   ] T1056-001    6_plugin-32                         client       n_triples=  36 -> /csse/research/contructive-learning/CAM-LDS/sequences/credential_access/T1056-001/sequence_6_plugin-32_client.json
[9t][template][main.py] | [credential_access   ] T1056-001    6_plugin-33                         client       n_triples=   5 -> /csse/research/contructive-learning/CAM-LDS/sequences/credential_access/T1056-001/sequence_6_plugin-33_client.json
[9t][template][main.py] | [credential_access   ] T1056-001    6_plugin-34                         client       n_triples=   6 -> /csse/research/contructive-learning/CAM-LDS/sequences/credential_access/T1056-001/sequence_6_plugin-34_client.json
[9t][template][main.py] | [credential_access   ] T1056-004    6_plugin-26                         client       n_triples=2841 -> /csse/research/contructive-learning/CAM-LDS/sequences/credential_access/T1056-004/sequence_6_plugin-26_client.json
[9t][template][main.py] | [credential_access   ] T1056-004    6_plugin-28                         client       n_triples=3712 -> /csse/research/contructive-learning/CAM-LDS/sequences/credential_access/T1056-004/sequence_6_plugin-28_client.json
[9t][template][main.py] | [credential_access   ] T1056-004    6_plugin-29                         client       n_triples=  16 -> /csse/research/contructive-learning/CAM-LDS/sequences/credential_access/T1056-004/sequence_6_plugin-29_client.json
[9t][template][main.py] | [credential_access   ] T1056-004    6_plugin-30                         client       n_triples=   3 -> /csse/research/contructive-learning/CAM-LDS/sequences/credential_access/T1056-004/sequence_6_plugin-30_client.json
[9t][template][main.py] | [credential_access   ] T1056-004    6_plugin-33                         client       n_triples=   5 -> /csse/research/contructive-learning/CAM-LDS/sequences/credential_access/T1056-004/sequence_6_plugin-33_client.json
[9t][template][main.py] | [credential_access   ] T1056-004    6_plugin-34                         client       n_triples=   6 -> /csse/research/contructive-learning/CAM-LDS/sequences/credential_access/T1056-004/sequence_6_plugin-34_client.json
[9t][template][main.py] | [credential_access   ] T1056-004    6_plugin-35                         client       n_triples=  33 -> /csse/research/contructive-learning/CAM-LDS/sequences/credential_access/T1056-004/sequence_6_plugin-35_client.json
[9t][template][main.py] | [credential_access   ] T1110-001    3_ssh_apt-1                         reposerver   n_triples= 852 -> /csse/research/contructive-learning/CAM-LDS/sequences/credential_access/T1110-001/sequence_3_ssh_apt-1_reposerver.json
[9t][template][main.py] | [credential_access   ] T1110-001    3_vnc_healthcheck-55                linuxshare   n_triples= 264 -> /csse/research/contructive-learning/CAM-LDS/sequences/credential_access/T1110-001/sequence_3_vnc_healthcheck-55_linuxshare.json
[9t][template][main.py] | [credential_access   ] T1110-001    3_vnc_puppet-58                     linuxshare   n_triples= 252 -> /csse/research/contructive-learning/CAM-LDS/sequences/credential_access/T1110-001/sequence_3_vnc_puppet-58_linuxshare.json
[9t][template][main.py] | [credential_access   ] T1110-001    7-3                                 docker       n_triples= 386 -> /csse/research/contructive-learning/CAM-LDS/sequences/credential_access/T1110-001/sequence_7-3_docker.json
[9t][template][main.py] | [credential_access   ] T1528-000    5-2                                 videoserver  n_triples=  53 -> /csse/research/contructive-learning/CAM-LDS/sequences/credential_access/T1528-000/sequence_5-2_videoserver.json
[9t][template][main.py] | [credential_access   ] T1556-003    1_pwnkit_pam-41                     videoserver  n_triples=   2 -> /csse/research/contructive-learning/CAM-LDS/sequences/credential_access/T1556-003/sequence_1_pwnkit_pam-41_videoserver.json
[9t][template][main.py] | [credential_access   ] T1556-003    1_pwnkit_pam-42                     videoserver  n_triples=  11 -> /csse/research/contructive-learning/CAM-LDS/sequences/credential_access/T1556-003/sequence_1_pwnkit_pam-42_videoserver.json
[9t][template][main.py] | [defense_impairment  ] T1222-002    6_macro_binary-13                   client       n_triples=  21 -> /csse/research/contructive-learning/CAM-LDS/sequences/defense_impairment/T1222-002/sequence_6_macro_binary-13_client.json
[9t][template][main.py] | [defense_impairment  ] T1222-002    6_macro_binary-17                   client       n_triples=  21 -> /csse/research/contructive-learning/CAM-LDS/sequences/defense_impairment/T1222-002/sequence_6_macro_binary-17_client.json
[9t][template][main.py] | [defense_impairment  ] T1222-002    6_macro_binary-18                   client       n_triples=  21 -> /csse/research/contructive-learning/CAM-LDS/sequences/defense_impairment/T1222-002/sequence_6_macro_binary-18_client.json
[9t][template][main.py] | [defense_impairment  ] T1222-002    6_screensharing_binary-51           client       n_triples=  23 -> /csse/research/contructive-learning/CAM-LDS/sequences/defense_impairment/T1222-002/sequence_6_screensharing_binary-51_client.json
[9t][template][main.py] | [defense_impairment  ] T1556-003    1_cron_pam-29                       videoserver  n_triples=   7 -> /csse/research/contructive-learning/CAM-LDS/sequences/defense_impairment/T1556-003/sequence_1_cron_pam-29_videoserver.json
[9t][template][main.py] | [defense_impairment  ] T1556-003    1_pwnkit_pam-41                     videoserver  n_triples=   2 -> /csse/research/contructive-learning/CAM-LDS/sequences/defense_impairment/T1556-003/sequence_1_pwnkit_pam-41_videoserver.json
[9t][template][main.py] | [defense_impairment  ] T1556-003    1_pwnkit_pam-42                     videoserver  n_triples=  11 -> /csse/research/contructive-learning/CAM-LDS/sequences/defense_impairment/T1556-003/sequence_1_pwnkit_pam-42_videoserver.json
[9t][template][main.py] | [defense_impairment  ] T1599-000    4-17                                inetfw       n_triples=  18 -> /csse/research/contructive-learning/CAM-LDS/sequences/defense_impairment/T1599-000/sequence_4-17_inetfw.json
[9t][template][main.py] | [defense_impairment  ] T1599-000    4-18                                inetfw       n_triples= 350 -> /csse/research/contructive-learning/CAM-LDS/sequences/defense_impairment/T1599-000/sequence_4-18_inetfw.json
[9t][template][main.py] | [execution           ] T1053-000    1_cron_localaccount-32              videoserver  n_triples=  72 -> /csse/research/contructive-learning/CAM-LDS/sequences/execution/T1053-000/sequence_1_cron_localaccount-32_videoserver.json
[9t][template][main.py] | [execution           ] T1053-003    3_ssh_apt-16                        reposerver   n_triples=   5 -> /csse/research/contructive-learning/CAM-LDS/sequences/execution/T1053-003/sequence_3_ssh_apt-16_reposerver.json
[9t][template][main.py] | [execution           ] T1053-003    6_screensharing_cron-20             client       n_triples=   8 -> /csse/research/contructive-learning/CAM-LDS/sequences/execution/T1053-003/sequence_6_screensharing_cron-20_client.json
[9t][template][main.py] | [execution           ] T1053-003    6_screensharing_cron-21             videoserver  n_triples=  13 -> /csse/research/contructive-learning/CAM-LDS/sequences/execution/T1053-003/sequence_6_screensharing_cron-21_videoserver.json
[9t][template][main.py] | [execution           ] T1053-003    6_screensharing_cron-22             client       n_triples=  60 -> /csse/research/contructive-learning/CAM-LDS/sequences/execution/T1053-003/sequence_6_screensharing_cron-22_client.json
[9t][template][main.py] | [execution           ] T1053-003    6_screensharing_cron-24             client       n_triples=  10 -> /csse/research/contructive-learning/CAM-LDS/sequences/execution/T1053-003/sequence_6_screensharing_cron-24_client.json
[9t][template][main.py] | [execution           ] T1053-003    7-10                                docker       n_triples= 256 -> /csse/research/contructive-learning/CAM-LDS/sequences/execution/T1053-003/sequence_7-10_docker.json
[9t][template][main.py] | [execution           ] T1059-000    1_autostart_localaccount-10         videoserver  n_triples=   1 -> /csse/research/contructive-learning/CAM-LDS/sequences/execution/T1059-000/sequence_1_autostart_localaccount-10_videoserver.json
[9t][template][main.py] | [execution           ] T1059-000    1_autostart_localaccount-12         videoserver  n_triples=   1 -> /csse/research/contructive-learning/CAM-LDS/sequences/execution/T1059-000/sequence_1_autostart_localaccount-12_videoserver.json
[9t][template][main.py] | [execution           ] T1059-000    1_autostart_localaccount-7          videoserver  n_triples=   2 -> /csse/research/contructive-learning/CAM-LDS/sequences/execution/T1059-000/sequence_1_autostart_localaccount-7_videoserver.json
[9t][template][main.py] | [execution           ] T1059-000    1_cron_localaccount-33              videoserver  n_triples=   1 -> /csse/research/contructive-learning/CAM-LDS/sequences/execution/T1059-000/sequence_1_cron_localaccount-33_videoserver.json
[9t][template][main.py] | [execution           ] T1059-000    1_racecondition_localaccount-46     videoserver  n_triples=   1 -> /csse/research/contructive-learning/CAM-LDS/sequences/execution/T1059-000/sequence_1_racecondition_localaccount-46_videoserver.json
[9t][template][main.py] | [execution           ] T1059-000    3_ssh_apt-14                        reposerver   n_triples=   3 -> /csse/research/contructive-learning/CAM-LDS/sequences/execution/T1059-000/sequence_3_ssh_apt-14_reposerver.json
[9t][template][main.py] | [execution           ] T1059-000    3_ssh_apt-19                        linuxshare   n_triples=  73 -> /csse/research/contructive-learning/CAM-LDS/sequences/execution/T1059-000/sequence_3_ssh_apt-19_linuxshare.json
[9t][template][main.py] | [execution           ] T1059-000    3_ssh_apt-20                        linuxshare   n_triples=   2 -> /csse/research/contructive-learning/CAM-LDS/sequences/execution/T1059-000/sequence_3_ssh_apt-20_linuxshare.json
[9t][template][main.py] | [execution           ] T1059-000    3_ssh_apt-23                        linuxshare   n_triples=   1 -> /csse/research/contructive-learning/CAM-LDS/sequences/execution/T1059-000/sequence_3_ssh_apt-23_linuxshare.json
[9t][template][main.py] | [execution           ] T1059-004    3_ssh_apt-10                        reposerver   n_triples= 651 -> /csse/research/contructive-learning/CAM-LDS/sequences/execution/T1059-004/sequence_3_ssh_apt-10_reposerver.json
[9t][template][main.py] | [execution           ] T1059-004    3_ssh_puppet-40                     linuxshare   n_triples= 148 -> /csse/research/contructive-learning/CAM-LDS/sequences/execution/T1059-004/sequence_3_ssh_puppet-40_linuxshare.json
[9t][template][main.py] | [execution           ] T1059-004    3_vnc_apt-49                        linuxshare   n_triples= 270 -> /csse/research/contructive-learning/CAM-LDS/sequences/execution/T1059-004/sequence_3_vnc_apt-49_linuxshare.json
[9t][template][main.py] | [execution           ] T1059-004    3_vnc_puppet-60                     linuxshare   n_triples=  91 -> /csse/research/contructive-learning/CAM-LDS/sequences/execution/T1059-004/sequence_3_vnc_puppet-60_linuxshare.json
[9t][template][main.py] | [execution           ] T1059-004    6_macro_binary-5                    client       n_triples=   5 -> /csse/research/contructive-learning/CAM-LDS/sequences/execution/T1059-004/sequence_6_macro_binary-5_client.json
[9t][template][main.py] | [execution           ] T1059-004    6_macro_binary-6                    client       n_triples= 181 -> /csse/research/contructive-learning/CAM-LDS/sequences/execution/T1059-004/sequence_6_macro_binary-6_client.json
[9t][template][main.py] | [execution           ] T1059-004    6_macro_binary-9                    client       n_triples=  20 -> /csse/research/contructive-learning/CAM-LDS/sequences/execution/T1059-004/sequence_6_macro_binary-9_client.json
[9t][template][main.py] | [execution           ] T1059-004    6_screensharing_binary-59           client       n_triples= 452 -> /csse/research/contructive-learning/CAM-LDS/sequences/execution/T1059-004/sequence_6_screensharing_binary-59_client.json
[9t][template][main.py] | [execution           ] T1059-004    7-6                                 docker       n_triples=  46 -> /csse/research/contructive-learning/CAM-LDS/sequences/execution/T1059-004/sequence_7-6_docker-log.json
[9t][template][main.py] | [execution           ] T1059-006    1_autostart_localaccount-5          videoserver  n_triples=  31 -> /csse/research/contructive-learning/CAM-LDS/sequences/execution/T1059-006/sequence_1_autostart_localaccount-5_videoserver.json
[9t][template][main.py] | [execution           ] T1072-000    3_ssh_apt-17                        reposerver   n_triples=  11 -> /csse/research/contructive-learning/CAM-LDS/sequences/execution/T1072-000/sequence_3_ssh_apt-17_reposerver.json
[9t][template][main.py] | [execution           ] T1072-000    3_ssh_apt-18                        linuxshare   n_triples= 736 -> /csse/research/contructive-learning/CAM-LDS/sequences/execution/T1072-000/sequence_3_ssh_apt-18_linuxshare.json
[9t][template][main.py] | [execution           ] T1072-000    3_ssh_puppet-40                     linuxshare   n_triples= 148 -> /csse/research/contructive-learning/CAM-LDS/sequences/execution/T1072-000/sequence_3_ssh_puppet-40_linuxshare.json
[9t][template][main.py] | [execution           ] T1072-000    3_vnc_apt-54                        linuxshare   n_triples= 600 -> /csse/research/contructive-learning/CAM-LDS/sequences/execution/T1072-000/sequence_3_vnc_apt-54_linuxshare.json
[9t][template][main.py] | [execution           ] T1072-000    3_vnc_puppet-60                     linuxshare   n_triples=  91 -> /csse/research/contructive-learning/CAM-LDS/sequences/execution/T1072-000/sequence_3_vnc_puppet-60_linuxshare.json
[9t][template][main.py] | [execution           ] T1204-001    6_screensharing_binary-39           videoserver  n_triples=  36 -> /csse/research/contructive-learning/CAM-LDS/sequences/execution/T1204-001/sequence_6_screensharing_binary-39_videoserver.json
[9t][template][main.py] | [execution           ] T1204-001    6_screensharing_binary-41           client       n_triples=2754 -> /csse/research/contructive-learning/CAM-LDS/sequences/execution/T1204-001/sequence_6_screensharing_binary-41_client.json
[9t][template][main.py] | [execution           ] T1204-002    6_macro_binary-1                    client       n_triples=   2 -> /csse/research/contructive-learning/CAM-LDS/sequences/execution/T1204-002/sequence_6_macro_binary-1_client.json
[9t][template][main.py] | [execution           ] T1204-002    6_macro_binary-2                    client       n_triples= 409 -> /csse/research/contructive-learning/CAM-LDS/sequences/execution/T1204-002/sequence_6_macro_binary-2_client.json
[9t][template][main.py] | [execution           ] T1569-000    2_cron-4                            videoserver  n_triples=   5 -> /csse/research/contructive-learning/CAM-LDS/sequences/execution/T1569-000/sequence_2_cron-4_videoserver.json
[9t][template][main.py] | [execution           ] T1574-000    2_rootkit-27                        videoserver  n_triples=   3 -> /csse/research/contructive-learning/CAM-LDS/sequences/execution/T1574-000/sequence_2_rootkit-27_videoserver.json
[9t][template][main.py] | [execution           ] T1574-000    3_ssh_apt-12                        reposerver   n_triples=  43 -> /csse/research/contructive-learning/CAM-LDS/sequences/execution/T1574-000/sequence_3_ssh_apt-12_reposerver.json
[9t][template][main.py] | [execution           ] T1574-000    3_ssh_apt-14                        reposerver   n_triples=   3 -> /csse/research/contructive-learning/CAM-LDS/sequences/execution/T1574-000/sequence_3_ssh_apt-14_reposerver.json
[9t][template][main.py] | [execution           ] T1574-000    3_vnc_apt-51                        reposerver   n_triples=   9 -> /csse/research/contructive-learning/CAM-LDS/sequences/execution/T1574-000/sequence_3_vnc_apt-51_reposerver.json
[9t][template][main.py] | [execution           ] T1574-008    6_macro_binary-12                   client       n_triples=  23 -> /csse/research/contructive-learning/CAM-LDS/sequences/execution/T1574-008/sequence_6_macro_binary-12_client.json
[9t][template][main.py] | [execution           ] T1574-008    6_screensharing_binary-57           client       n_triples=   2 -> /csse/research/contructive-learning/CAM-LDS/sequences/execution/T1574-008/sequence_6_screensharing_binary-57_client.json
[9t][template][main.py] | [execution           ] T1610-000    7-10                                docker       n_triples= 256 -> /csse/research/contructive-learning/CAM-LDS/sequences/execution/T1610-000/sequence_7-10_docker.json
[9t][template][main.py] | [initial_access      ] T1078-002    3_ssh_apt-1                         reposerver   n_triples= 852 -> /csse/research/contructive-learning/CAM-LDS/sequences/initial_access/T1078-002/sequence_3_ssh_apt-1_reposerver.json
[9t][template][main.py] | [initial_access      ] T1078-002    3_ssh_apt-2                         reposerver   n_triples= 336 -> /csse/research/contructive-learning/CAM-LDS/sequences/initial_access/T1078-002/sequence_3_ssh_apt-2_reposerver.json
[9t][template][main.py] | [initial_access      ] T1078-002    7-3                                 docker       n_triples= 386 -> /csse/research/contructive-learning/CAM-LDS/sequences/initial_access/T1078-002/sequence_7-3_docker.json
[9t][template][main.py] | [initial_access      ] T1078-003    1_validaccount_localaccount-55      videoserver  n_triples=   1 -> /csse/research/contructive-learning/CAM-LDS/sequences/initial_access/T1078-003/sequence_1_validaccount_localaccount-55_videoserver.json
[9t][template][main.py] | [initial_access      ] T1078-003    1_validaccount_localaccount-56      videoserver  n_triples=  93 -> /csse/research/contructive-learning/CAM-LDS/sequences/initial_access/T1078-003/sequence_1_validaccount_localaccount-56_videoserver.json
[9t][template][main.py] | [initial_access      ] T1078-003    3_ssh_apt-4                         reposerver   n_triples=  48 -> /csse/research/contructive-learning/CAM-LDS/sequences/initial_access/T1078-003/sequence_3_ssh_apt-4_reposerver.json
[9t][template][main.py] | [initial_access      ] T1078-003    3_ssh_apt-5                         reposerver   n_triples=   3 -> /csse/research/contructive-learning/CAM-LDS/sequences/initial_access/T1078-003/sequence_3_ssh_apt-5_reposerver.json
[9t][template][main.py] | [initial_access      ] T1078-003    3_ssh_puppet-37                     reposerver   n_triples= 336 -> /csse/research/contructive-learning/CAM-LDS/sequences/initial_access/T1078-003/sequence_3_ssh_puppet-37_reposerver.json
[9t][template][main.py] | [initial_access      ] T1078-003    4-19                                reposerver   n_triples= 205 -> /csse/research/contructive-learning/CAM-LDS/sequences/initial_access/T1078-003/sequence_4-19_reposerver.json
[9t][template][main.py] | [initial_access      ] T1078-003    4-20                                linuxshare   n_triples=   8 -> /csse/research/contructive-learning/CAM-LDS/sequences/initial_access/T1078-003/sequence_4-20_linuxshare.json
[9t][template][main.py] | [initial_access      ] T1078-003    4-21                                linuxshare   n_triples=  80 -> /csse/research/contructive-learning/CAM-LDS/sequences/initial_access/T1078-003/sequence_4-21_linuxshare.json
[9t][template][main.py] | [initial_access      ] T1078-003    4-3                                 reposerver   n_triples= 750 -> /csse/research/contructive-learning/CAM-LDS/sequences/initial_access/T1078-003/sequence_4-3_reposerver.json
[9t][template][main.py] | [initial_access      ] T1078-003    4-4                                 reposerver   n_triples= 336 -> /csse/research/contructive-learning/CAM-LDS/sequences/initial_access/T1078-003/sequence_4-4_reposerver.json
[9t][template][main.py] | [initial_access      ] T1078-003    4-5                                 reposerver   n_triples=  81 -> /csse/research/contructive-learning/CAM-LDS/sequences/initial_access/T1078-003/sequence_4-5_reposerver.json
[9t][template][main.py] | [initial_access      ] T1078-003    4-6                                 linuxshare   n_triples=  42 -> /csse/research/contructive-learning/CAM-LDS/sequences/initial_access/T1078-003/sequence_4-6_linuxshare.json
[9t][template][main.py] | [initial_access      ] T1133-000    3_ssh_apt-1                         reposerver   n_triples= 852 -> /csse/research/contructive-learning/CAM-LDS/sequences/initial_access/T1133-000/sequence_3_ssh_apt-1_reposerver.json
[9t][template][main.py] | [initial_access      ] T1133-000    7-3                                 docker       n_triples= 386 -> /csse/research/contructive-learning/CAM-LDS/sequences/initial_access/T1133-000/sequence_7-3_docker.json
[9t][template][main.py] | [initial_access      ] T1190-000    1_autostart_localaccount-5          videoserver  n_triples=  31 -> /csse/research/contructive-learning/CAM-LDS/sequences/initial_access/T1190-000/sequence_1_autostart_localaccount-5_videoserver.json
[9t][template][main.py] | [initial_access      ] T1190-000    7-6                                 docker       n_triples=  46 -> /csse/research/contructive-learning/CAM-LDS/sequences/initial_access/T1190-000/sequence_7-6_docker-log.json
[9t][template][main.py] | [initial_access      ] T1566-004    6_screensharing_binary-39           videoserver  n_triples=  36 -> /csse/research/contructive-learning/CAM-LDS/sequences/initial_access/T1566-004/sequence_6_screensharing_binary-39_videoserver.json
[9t][template][main.py] | [initial_access      ] T1566-004    6_screensharing_binary-43           client       n_triples=  37 -> /csse/research/contructive-learning/CAM-LDS/sequences/initial_access/T1566-004/sequence_6_screensharing_binary-43_client.json
[9t][template][main.py] | [initial_access      ] T1566-004    6_screensharing_binary-44           videoserver  n_triples=  12 -> /csse/research/contructive-learning/CAM-LDS/sequences/initial_access/T1566-004/sequence_6_screensharing_binary-44_videoserver.json
[9t][template][main.py] | [lateral_movement    ] T1021-000    2_rootkit-22                        videoserver  n_triples=  80 -> /csse/research/contructive-learning/CAM-LDS/sequences/lateral_movement/T1021-000/sequence_2_rootkit-22_videoserver.json
[9t][template][main.py] | [lateral_movement    ] T1021-004    2_cron-1                            videoserver  n_triples=  80 -> /csse/research/contructive-learning/CAM-LDS/sequences/lateral_movement/T1021-004/sequence_2_cron-1_videoserver.json
[9t][template][main.py] | [lateral_movement    ] T1021-005    3_vnc_apt-43                        linuxshare   n_triples= 137 -> /csse/research/contructive-learning/CAM-LDS/sequences/lateral_movement/T1021-005/sequence_3_vnc_apt-43_linuxshare.json
[9t][template][main.py] | [lateral_movement    ] T1021-005    3_vnc_healthcheck-55                linuxshare   n_triples= 264 -> /csse/research/contructive-learning/CAM-LDS/sequences/lateral_movement/T1021-005/sequence_3_vnc_healthcheck-55_linuxshare.json
[9t][template][main.py] | [lateral_movement    ] T1021-005    3_vnc_puppet-58                     linuxshare   n_triples= 252 -> /csse/research/contructive-learning/CAM-LDS/sequences/lateral_movement/T1021-005/sequence_3_vnc_puppet-58_linuxshare.json
[9t][template][main.py] | [lateral_movement    ] T1072-000    3_ssh_apt-17                        reposerver   n_triples=  11 -> /csse/research/contructive-learning/CAM-LDS/sequences/lateral_movement/T1072-000/sequence_3_ssh_apt-17_reposerver.json
[9t][template][main.py] | [lateral_movement    ] T1072-000    3_ssh_apt-18                        linuxshare   n_triples= 736 -> /csse/research/contructive-learning/CAM-LDS/sequences/lateral_movement/T1072-000/sequence_3_ssh_apt-18_linuxshare.json
[9t][template][main.py] | [lateral_movement    ] T1072-000    3_ssh_puppet-40                     linuxshare   n_triples= 148 -> /csse/research/contructive-learning/CAM-LDS/sequences/lateral_movement/T1072-000/sequence_3_ssh_puppet-40_linuxshare.json
[9t][template][main.py] | [lateral_movement    ] T1072-000    3_vnc_apt-54                        linuxshare   n_triples= 600 -> /csse/research/contructive-learning/CAM-LDS/sequences/lateral_movement/T1072-000/sequence_3_vnc_apt-54_linuxshare.json
[9t][template][main.py] | [lateral_movement    ] T1072-000    3_vnc_puppet-60                     linuxshare   n_triples=  91 -> /csse/research/contructive-learning/CAM-LDS/sequences/lateral_movement/T1072-000/sequence_3_vnc_puppet-60_linuxshare.json
[9t][template][main.py] | [lateral_movement    ] T1080-000    3_ssh_healthcheck-34                reposerver   n_triples=   8 -> /csse/research/contructive-learning/CAM-LDS/sequences/lateral_movement/T1080-000/sequence_3_ssh_healthcheck-34_reposerver.json
[9t][template][main.py] | [lateral_movement    ] T1210-000    7-10                                docker       n_triples= 256 -> /csse/research/contructive-learning/CAM-LDS/sequences/lateral_movement/T1210-000/sequence_7-10_docker.json
[9t][template][main.py] | [lateral_movement    ] T1550-001    5-3                                 videoserver  n_triples=   2 -> /csse/research/contructive-learning/CAM-LDS/sequences/lateral_movement/T1550-001/sequence_5-3_videoserver.json
[9t][template][main.py] | [persistence         ] T1053-000    1_cron_localaccount-32              videoserver  n_triples=  72 -> /csse/research/contructive-learning/CAM-LDS/sequences/persistence/T1053-000/sequence_1_cron_localaccount-32_videoserver.json
[9t][template][main.py] | [persistence         ] T1053-003    3_ssh_apt-16                        reposerver   n_triples=   5 -> /csse/research/contructive-learning/CAM-LDS/sequences/persistence/T1053-003/sequence_3_ssh_apt-16_reposerver.json
[9t][template][main.py] | [persistence         ] T1053-003    6_macro_binary-20                   client       n_triples= 150 -> /csse/research/contructive-learning/CAM-LDS/sequences/persistence/T1053-003/sequence_6_macro_binary-20_client.json
[9t][template][main.py] | [persistence         ] T1053-003    6_macro_binary-21                   client       n_triples=  15 -> /csse/research/contructive-learning/CAM-LDS/sequences/persistence/T1053-003/sequence_6_macro_binary-21_client.json
[9t][template][main.py] | [persistence         ] T1053-003    6_macro_binary-22                   client       n_triples=  18 -> /csse/research/contructive-learning/CAM-LDS/sequences/persistence/T1053-003/sequence_6_macro_binary-22_client.json
[9t][template][main.py] | [persistence         ] T1053-003    6_macro_cron-24                     client       n_triples=  15 -> /csse/research/contructive-learning/CAM-LDS/sequences/persistence/T1053-003/sequence_6_macro_cron-24_client.json
[9t][template][main.py] | [persistence         ] T1053-003    7-10                                docker       n_triples= 256 -> /csse/research/contructive-learning/CAM-LDS/sequences/persistence/T1053-003/sequence_7-10_docker.json
[9t][template][main.py] | [persistence         ] T1078-002    3_ssh_apt-1                         reposerver   n_triples= 852 -> /csse/research/contructive-learning/CAM-LDS/sequences/persistence/T1078-002/sequence_3_ssh_apt-1_reposerver.json
[9t][template][main.py] | [persistence         ] T1078-002    3_ssh_apt-2                         reposerver   n_triples= 336 -> /csse/research/contructive-learning/CAM-LDS/sequences/persistence/T1078-002/sequence_3_ssh_apt-2_reposerver.json
[9t][template][main.py] | [persistence         ] T1078-002    7-3                                 docker       n_triples= 386 -> /csse/research/contructive-learning/CAM-LDS/sequences/persistence/T1078-002/sequence_7-3_docker.json
[9t][template][main.py] | [persistence         ] T1078-003    1_validaccount_localaccount-55      videoserver  n_triples=   1 -> /csse/research/contructive-learning/CAM-LDS/sequences/persistence/T1078-003/sequence_1_validaccount_localaccount-55_videoserver.json
[9t][template][main.py] | [persistence         ] T1078-003    1_validaccount_localaccount-56      videoserver  n_triples=  93 -> /csse/research/contructive-learning/CAM-LDS/sequences/persistence/T1078-003/sequence_1_validaccount_localaccount-56_videoserver.json
[9t][template][main.py] | [persistence         ] T1078-003    3_ssh_apt-4                         reposerver   n_triples=  48 -> /csse/research/contructive-learning/CAM-LDS/sequences/persistence/T1078-003/sequence_3_ssh_apt-4_reposerver.json
[9t][template][main.py] | [persistence         ] T1078-003    3_ssh_apt-5                         reposerver   n_triples=   3 -> /csse/research/contructive-learning/CAM-LDS/sequences/persistence/T1078-003/sequence_3_ssh_apt-5_reposerver.json
[9t][template][main.py] | [persistence         ] T1078-003    3_ssh_puppet-37                     reposerver   n_triples= 336 -> /csse/research/contructive-learning/CAM-LDS/sequences/persistence/T1078-003/sequence_3_ssh_puppet-37_reposerver.json
[9t][template][main.py] | [persistence         ] T1078-003    4-19                                reposerver   n_triples= 205 -> /csse/research/contructive-learning/CAM-LDS/sequences/persistence/T1078-003/sequence_4-19_reposerver.json
[9t][template][main.py] | [persistence         ] T1078-003    4-20                                linuxshare   n_triples=   8 -> /csse/research/contructive-learning/CAM-LDS/sequences/persistence/T1078-003/sequence_4-20_linuxshare.json
[9t][template][main.py] | [persistence         ] T1078-003    4-21                                linuxshare   n_triples=  80 -> /csse/research/contructive-learning/CAM-LDS/sequences/persistence/T1078-003/sequence_4-21_linuxshare.json
[9t][template][main.py] | [persistence         ] T1078-003    4-3                                 reposerver   n_triples= 750 -> /csse/research/contructive-learning/CAM-LDS/sequences/persistence/T1078-003/sequence_4-3_reposerver.json
[9t][template][main.py] | [persistence         ] T1078-003    4-4                                 reposerver   n_triples= 336 -> /csse/research/contructive-learning/CAM-LDS/sequences/persistence/T1078-003/sequence_4-4_reposerver.json
[9t][template][main.py] | [persistence         ] T1078-003    4-5                                 reposerver   n_triples=  81 -> /csse/research/contructive-learning/CAM-LDS/sequences/persistence/T1078-003/sequence_4-5_reposerver.json
[9t][template][main.py] | [persistence         ] T1078-003    4-6                                 linuxshare   n_triples=  42 -> /csse/research/contructive-learning/CAM-LDS/sequences/persistence/T1078-003/sequence_4-6_linuxshare.json
[9t][template][main.py] | [persistence         ] T1098-004    1_pwnkit_sshkey-43                  videoserver  n_triples=   2 -> /csse/research/contructive-learning/CAM-LDS/sequences/persistence/T1098-004/sequence_1_pwnkit_sshkey-43_videoserver.json
[9t][template][main.py] | [persistence         ] T1098-004    1_pwnkit_sshkey-44                  videoserver  n_triples=   8 -> /csse/research/contructive-learning/CAM-LDS/sequences/persistence/T1098-004/sequence_1_pwnkit_sshkey-44_videoserver.json
[9t][template][main.py] | [persistence         ] T1133-000    3_ssh_apt-1                         reposerver   n_triples= 852 -> /csse/research/contructive-learning/CAM-LDS/sequences/persistence/T1133-000/sequence_3_ssh_apt-1_reposerver.json
[9t][template][main.py] | [persistence         ] T1133-000    7-3                                 docker       n_triples= 386 -> /csse/research/contructive-learning/CAM-LDS/sequences/persistence/T1133-000/sequence_7-3_docker.json
[9t][template][main.py] | [persistence         ] T1136-001    1_pwnkit_localaccount-38            videoserver  n_triples=   2 -> /csse/research/contructive-learning/CAM-LDS/sequences/persistence/T1136-001/sequence_1_pwnkit_localaccount-38_videoserver.json
[9t][template][main.py] | [persistence         ] T1136-001    1_pwnkit_localaccount-39            videoserver  n_triples=  30 -> /csse/research/contructive-learning/CAM-LDS/sequences/persistence/T1136-001/sequence_1_pwnkit_localaccount-39_videoserver.json
[9t][template][main.py] | [persistence         ] T1176-000    6_plugin-26                         client       n_triples=2841 -> /csse/research/contructive-learning/CAM-LDS/sequences/persistence/T1176-000/sequence_6_plugin-26_client.json
[9t][template][main.py] | [persistence         ] T1176-000    6_plugin-28                         client       n_triples=3712 -> /csse/research/contructive-learning/CAM-LDS/sequences/persistence/T1176-000/sequence_6_plugin-28_client.json
[9t][template][main.py] | [persistence         ] T1176-000    6_plugin-29                         client       n_triples=  16 -> /csse/research/contructive-learning/CAM-LDS/sequences/persistence/T1176-000/sequence_6_plugin-29_client.json
[9t][template][main.py] | [persistence         ] T1176-000    6_plugin-30                         client       n_triples=   3 -> /csse/research/contructive-learning/CAM-LDS/sequences/persistence/T1176-000/sequence_6_plugin-30_client.json
[9t][template][main.py] | [persistence         ] T1205-001    4-16                                inetfw       n_triples=  35 -> /csse/research/contructive-learning/CAM-LDS/sequences/persistence/T1205-001/sequence_4-16_inetfw.json
[9t][template][main.py] | [persistence         ] T1205-001    4-3                                 reposerver   n_triples= 750 -> /csse/research/contructive-learning/CAM-LDS/sequences/persistence/T1205-001/sequence_4-3_reposerver.json
[9t][template][main.py] | [persistence         ] T1205-001    4-9                                 inetfw       n_triples=  29 -> /csse/research/contructive-learning/CAM-LDS/sequences/persistence/T1205-001/sequence_4-9_inetfw.json
[9t][template][main.py] | [persistence         ] T1525-000    7-10                                docker       n_triples= 256 -> /csse/research/contructive-learning/CAM-LDS/sequences/persistence/T1525-000/sequence_7-10_docker.json
[9t][template][main.py] | [persistence         ] T1543-002    2_rootkit-26                        videoserver  n_triples=   3 -> /csse/research/contructive-learning/CAM-LDS/sequences/persistence/T1543-002/sequence_2_rootkit-26_videoserver.json
[9t][template][main.py] | [persistence         ] T1543-002    2_rootkit-28                        videoserver  n_triples=  28 -> /csse/research/contructive-learning/CAM-LDS/sequences/persistence/T1543-002/sequence_2_rootkit-28_videoserver.json
[9t][template][main.py] | [persistence         ] T1543-002    2_rootkit-29                        videoserver  n_triples= 197 -> /csse/research/contructive-learning/CAM-LDS/sequences/persistence/T1543-002/sequence_2_rootkit-29_videoserver.json
[9t][template][main.py] | [persistence         ] T1543-002    4-12                                inetfw       n_triples=   1 -> /csse/research/contructive-learning/CAM-LDS/sequences/persistence/T1543-002/sequence_4-12_inetfw.json
[9t][template][main.py] | [persistence         ] T1543-002    4-13                                linuxshare   n_triples=  11 -> /csse/research/contructive-learning/CAM-LDS/sequences/persistence/T1543-002/sequence_4-13_linuxshare.json
[9t][template][main.py] | [persistence         ] T1543-002    4-14                                inetfw       n_triples=  43 -> /csse/research/contructive-learning/CAM-LDS/sequences/persistence/T1543-002/sequence_4-14_inetfw.json
[9t][template][main.py] | [persistence         ] T1543-002    4-15                                inetfw       n_triples=  22 -> /csse/research/contructive-learning/CAM-LDS/sequences/persistence/T1543-002/sequence_4-15_inetfw.json
[9t][template][main.py] | [persistence         ] T1546-000    1_racecondition_localaccount-48     videoserver  n_triples=   2 -> /csse/research/contructive-learning/CAM-LDS/sequences/persistence/T1546-000/sequence_1_racecondition_localaccount-48_videoserver.json
[9t][template][main.py] | [persistence         ] T1546-000    1_racecondition_localaccount-49     videoserver  n_triples=  11 -> /csse/research/contructive-learning/CAM-LDS/sequences/persistence/T1546-000/sequence_1_racecondition_localaccount-49_videoserver.json
[9t][template][main.py] | [persistence         ] T1546-000    1_racecondition_localaccount-50     videoserver  n_triples=  28 -> /csse/research/contructive-learning/CAM-LDS/sequences/persistence/T1546-000/sequence_1_racecondition_localaccount-50_videoserver.json
[9t][template][main.py] | [persistence         ] T1546-000    1_racecondition_localaccount-52     inetfw       n_triples=  10 -> /csse/research/contructive-learning/CAM-LDS/sequences/persistence/T1546-000/sequence_1_racecondition_localaccount-52_inetfw.json
[9t][template][main.py] | [persistence         ] T1546-000    6_macro_binary-12                   client       n_triples=  23 -> /csse/research/contructive-learning/CAM-LDS/sequences/persistence/T1546-000/sequence_6_macro_binary-12_client.json
[9t][template][main.py] | [persistence         ] T1547-000    1_autostart_localaccount-15         videoserver  n_triples= 198 -> /csse/research/contructive-learning/CAM-LDS/sequences/persistence/T1547-000/sequence_1_autostart_localaccount-15_videoserver.json
[9t][template][main.py] | [persistence         ] T1547-000    1_autostart_localaccount-16         videoserver  n_triples= 275 -> /csse/research/contructive-learning/CAM-LDS/sequences/persistence/T1547-000/sequence_1_autostart_localaccount-16_videoserver.json
[9t][template][main.py] | [persistence         ] T1547-000    2_cron-4                            videoserver  n_triples=   5 -> /csse/research/contructive-learning/CAM-LDS/sequences/persistence/T1547-000/sequence_2_cron-4_videoserver.json
[9t][template][main.py] | [persistence         ] T1556-003    1_cron_pam-29                       videoserver  n_triples=   7 -> /csse/research/contructive-learning/CAM-LDS/sequences/persistence/T1556-003/sequence_1_cron_pam-29_videoserver.json
[9t][template][main.py] | [persistence         ] T1556-003    1_pwnkit_pam-41                     videoserver  n_triples=   2 -> /csse/research/contructive-learning/CAM-LDS/sequences/persistence/T1556-003/sequence_1_pwnkit_pam-41_videoserver.json
[9t][template][main.py] | [persistence         ] T1556-003    1_pwnkit_pam-42                     videoserver  n_triples=  11 -> /csse/research/contructive-learning/CAM-LDS/sequences/persistence/T1556-003/sequence_1_pwnkit_pam-42_videoserver.json
[9t][template][main.py] | [privilege_escalation] T1053-000    1_cron_localaccount-32              videoserver  n_triples=  72 -> /csse/research/contructive-learning/CAM-LDS/sequences/privilege_escalation/T1053-000/sequence_1_cron_localaccount-32_videoserver.json
[9t][template][main.py] | [privilege_escalation] T1053-003    3_ssh_apt-16                        reposerver   n_triples=   5 -> /csse/research/contructive-learning/CAM-LDS/sequences/privilege_escalation/T1053-003/sequence_3_ssh_apt-16_reposerver.json
[9t][template][main.py] | [privilege_escalation] T1053-003    6_macro_binary-20                   client       n_triples= 150 -> /csse/research/contructive-learning/CAM-LDS/sequences/privilege_escalation/T1053-003/sequence_6_macro_binary-20_client.json
[9t][template][main.py] | [privilege_escalation] T1053-003    6_macro_binary-21                   client       n_triples=  15 -> /csse/research/contructive-learning/CAM-LDS/sequences/privilege_escalation/T1053-003/sequence_6_macro_binary-21_client.json
[9t][template][main.py] | [privilege_escalation] T1053-003    6_macro_binary-22                   client       n_triples=  18 -> /csse/research/contructive-learning/CAM-LDS/sequences/privilege_escalation/T1053-003/sequence_6_macro_binary-22_client.json
[9t][template][main.py] | [privilege_escalation] T1053-003    6_macro_cron-24                     client       n_triples=  15 -> /csse/research/contructive-learning/CAM-LDS/sequences/privilege_escalation/T1053-003/sequence_6_macro_cron-24_client.json
[9t][template][main.py] | [privilege_escalation] T1053-003    7-10                                docker       n_triples= 256 -> /csse/research/contructive-learning/CAM-LDS/sequences/privilege_escalation/T1053-003/sequence_7-10_docker.json
[9t][template][main.py] | [privilege_escalation] T1068-000    1_pwnkit_localaccount-36            videoserver  n_triples=  13 -> /csse/research/contructive-learning/CAM-LDS/sequences/privilege_escalation/T1068-000/sequence_1_pwnkit_localaccount-36_videoserver.json
[9t][template][main.py] | [privilege_escalation] T1078-002    3_ssh_apt-1                         reposerver   n_triples= 852 -> /csse/research/contructive-learning/CAM-LDS/sequences/privilege_escalation/T1078-002/sequence_3_ssh_apt-1_reposerver.json
[9t][template][main.py] | [privilege_escalation] T1078-002    3_ssh_apt-2                         reposerver   n_triples= 336 -> /csse/research/contructive-learning/CAM-LDS/sequences/privilege_escalation/T1078-002/sequence_3_ssh_apt-2_reposerver.json
[9t][template][main.py] | [privilege_escalation] T1078-002    7-3                                 docker       n_triples= 386 -> /csse/research/contructive-learning/CAM-LDS/sequences/privilege_escalation/T1078-002/sequence_7-3_docker.json
[9t][template][main.py] | [privilege_escalation] T1078-003    1_validaccount_localaccount-55      videoserver  n_triples=   1 -> /csse/research/contructive-learning/CAM-LDS/sequences/privilege_escalation/T1078-003/sequence_1_validaccount_localaccount-55_videoserver.json
[9t][template][main.py] | [privilege_escalation] T1078-003    1_validaccount_localaccount-56      videoserver  n_triples=  93 -> /csse/research/contructive-learning/CAM-LDS/sequences/privilege_escalation/T1078-003/sequence_1_validaccount_localaccount-56_videoserver.json
[9t][template][main.py] | [privilege_escalation] T1078-003    3_ssh_apt-4                         reposerver   n_triples=  48 -> /csse/research/contructive-learning/CAM-LDS/sequences/privilege_escalation/T1078-003/sequence_3_ssh_apt-4_reposerver.json
[9t][template][main.py] | [privilege_escalation] T1078-003    3_ssh_apt-5                         reposerver   n_triples=   3 -> /csse/research/contructive-learning/CAM-LDS/sequences/privilege_escalation/T1078-003/sequence_3_ssh_apt-5_reposerver.json
[9t][template][main.py] | [privilege_escalation] T1078-003    3_ssh_puppet-37                     reposerver   n_triples= 336 -> /csse/research/contructive-learning/CAM-LDS/sequences/privilege_escalation/T1078-003/sequence_3_ssh_puppet-37_reposerver.json
[9t][template][main.py] | [privilege_escalation] T1078-003    4-19                                reposerver   n_triples= 205 -> /csse/research/contructive-learning/CAM-LDS/sequences/privilege_escalation/T1078-003/sequence_4-19_reposerver.json
[9t][template][main.py] | [privilege_escalation] T1078-003    4-20                                linuxshare   n_triples=   8 -> /csse/research/contructive-learning/CAM-LDS/sequences/privilege_escalation/T1078-003/sequence_4-20_linuxshare.json
[9t][template][main.py] | [privilege_escalation] T1078-003    4-21                                linuxshare   n_triples=  80 -> /csse/research/contructive-learning/CAM-LDS/sequences/privilege_escalation/T1078-003/sequence_4-21_linuxshare.json
[9t][template][main.py] | [privilege_escalation] T1078-003    4-3                                 reposerver   n_triples= 750 -> /csse/research/contructive-learning/CAM-LDS/sequences/privilege_escalation/T1078-003/sequence_4-3_reposerver.json
[9t][template][main.py] | [privilege_escalation] T1078-003    4-4                                 reposerver   n_triples= 336 -> /csse/research/contructive-learning/CAM-LDS/sequences/privilege_escalation/T1078-003/sequence_4-4_reposerver.json
[9t][template][main.py] | [privilege_escalation] T1078-003    4-5                                 reposerver   n_triples=  81 -> /csse/research/contructive-learning/CAM-LDS/sequences/privilege_escalation/T1078-003/sequence_4-5_reposerver.json
[9t][template][main.py] | [privilege_escalation] T1078-003    4-6                                 linuxshare   n_triples=  42 -> /csse/research/contructive-learning/CAM-LDS/sequences/privilege_escalation/T1078-003/sequence_4-6_linuxshare.json
[9t][template][main.py] | [privilege_escalation] T1098-004    1_cron_sshkey-30                    videoserver  n_triples=  16 -> /csse/research/contructive-learning/CAM-LDS/sequences/privilege_escalation/T1098-004/sequence_1_cron_sshkey-30_videoserver.json
[9t][template][main.py] | [privilege_escalation] T1098-004    1_pwnkit_sshkey-43                  videoserver  n_triples=   2 -> /csse/research/contructive-learning/CAM-LDS/sequences/privilege_escalation/T1098-004/sequence_1_pwnkit_sshkey-43_videoserver.json
[9t][template][main.py] | [privilege_escalation] T1098-004    1_pwnkit_sshkey-44                  videoserver  n_triples=   8 -> /csse/research/contructive-learning/CAM-LDS/sequences/privilege_escalation/T1098-004/sequence_1_pwnkit_sshkey-44_videoserver.json
[9t][template][main.py] | [privilege_escalation] T1543-002    2_rootkit-26                        videoserver  n_triples=   3 -> /csse/research/contructive-learning/CAM-LDS/sequences/privilege_escalation/T1543-002/sequence_2_rootkit-26_videoserver.json
[9t][template][main.py] | [privilege_escalation] T1543-002    2_rootkit-28                        videoserver  n_triples=  28 -> /csse/research/contructive-learning/CAM-LDS/sequences/privilege_escalation/T1543-002/sequence_2_rootkit-28_videoserver.json
[9t][template][main.py] | [privilege_escalation] T1543-002    2_rootkit-29                        videoserver  n_triples= 197 -> /csse/research/contructive-learning/CAM-LDS/sequences/privilege_escalation/T1543-002/sequence_2_rootkit-29_videoserver.json
[9t][template][main.py] | [privilege_escalation] T1543-002    4-12                                inetfw       n_triples=   1 -> /csse/research/contructive-learning/CAM-LDS/sequences/privilege_escalation/T1543-002/sequence_4-12_inetfw.json
[9t][template][main.py] | [privilege_escalation] T1543-002    4-13                                linuxshare   n_triples=  11 -> /csse/research/contructive-learning/CAM-LDS/sequences/privilege_escalation/T1543-002/sequence_4-13_linuxshare.json
[9t][template][main.py] | [privilege_escalation] T1543-002    4-14                                inetfw       n_triples=  43 -> /csse/research/contructive-learning/CAM-LDS/sequences/privilege_escalation/T1543-002/sequence_4-14_inetfw.json
[9t][template][main.py] | [privilege_escalation] T1543-002    4-15                                inetfw       n_triples=  22 -> /csse/research/contructive-learning/CAM-LDS/sequences/privilege_escalation/T1543-002/sequence_4-15_inetfw.json
[9t][template][main.py] | [privilege_escalation] T1546-000    1_racecondition_localaccount-48     videoserver  n_triples=   2 -> /csse/research/contructive-learning/CAM-LDS/sequences/privilege_escalation/T1546-000/sequence_1_racecondition_localaccount-48_videoserver.json
[9t][template][main.py] | [privilege_escalation] T1546-000    1_racecondition_localaccount-49     videoserver  n_triples=  11 -> /csse/research/contructive-learning/CAM-LDS/sequences/privilege_escalation/T1546-000/sequence_1_racecondition_localaccount-49_videoserver.json
[9t][template][main.py] | [privilege_escalation] T1546-000    1_racecondition_localaccount-50     videoserver  n_triples=  28 -> /csse/research/contructive-learning/CAM-LDS/sequences/privilege_escalation/T1546-000/sequence_1_racecondition_localaccount-50_videoserver.json
[9t][template][main.py] | [privilege_escalation] T1546-000    1_racecondition_localaccount-52     inetfw       n_triples=  10 -> /csse/research/contructive-learning/CAM-LDS/sequences/privilege_escalation/T1546-000/sequence_1_racecondition_localaccount-52_inetfw.json
[9t][template][main.py] | [privilege_escalation] T1546-000    6_macro_binary-12                   client       n_triples=  23 -> /csse/research/contructive-learning/CAM-LDS/sequences/privilege_escalation/T1546-000/sequence_6_macro_binary-12_client.json
[9t][template][main.py] | [privilege_escalation] T1547-000    1_autostart_localaccount-15         videoserver  n_triples= 198 -> /csse/research/contructive-learning/CAM-LDS/sequences/privilege_escalation/T1547-000/sequence_1_autostart_localaccount-15_videoserver.json
[9t][template][main.py] | [privilege_escalation] T1547-000    1_autostart_localaccount-16         videoserver  n_triples= 275 -> /csse/research/contructive-learning/CAM-LDS/sequences/privilege_escalation/T1547-000/sequence_1_autostart_localaccount-16_videoserver.json
[9t][template][main.py] | [privilege_escalation] T1547-000    2_cron-4                            videoserver  n_triples=   5 -> /csse/research/contructive-learning/CAM-LDS/sequences/privilege_escalation/T1547-000/sequence_2_cron-4_videoserver.json
[9t][template][main.py] | [privilege_escalation] T1548-003    1_sudo_localaccount-53              videoserver  n_triples=  14 -> /csse/research/contructive-learning/CAM-LDS/sequences/privilege_escalation/T1548-003/sequence_1_sudo_localaccount-53_videoserver.json
[9t][template][main.py] | [privilege_escalation] T1548-003    1_sudo_localaccount-54              videoserver  n_triples=   3 -> /csse/research/contructive-learning/CAM-LDS/sequences/privilege_escalation/T1548-003/sequence_1_sudo_localaccount-54_videoserver.json
[9t][template][main.py] | [privilege_escalation] T1548-003    1_sudo_pam-53                       videoserver  n_triples=  14 -> /csse/research/contructive-learning/CAM-LDS/sequences/privilege_escalation/T1548-003/sequence_1_sudo_pam-53_videoserver.json
[9t][template][main.py] | [privilege_escalation] T1548-003    1_sudo_pam-54                       videoserver  n_triples=   3 -> /csse/research/contructive-learning/CAM-LDS/sequences/privilege_escalation/T1548-003/sequence_1_sudo_pam-54_videoserver.json
[9t][template][main.py] | [privilege_escalation] T1548-003    1_sudo_sshkey-53                    videoserver  n_triples=  14 -> /csse/research/contructive-learning/CAM-LDS/sequences/privilege_escalation/T1548-003/sequence_1_sudo_sshkey-53_videoserver.json
[9t][template][main.py] | [privilege_escalation] T1548-003    1_sudo_sshkey-54                    inetfw       n_triples=   6 -> /csse/research/contructive-learning/CAM-LDS/sequences/privilege_escalation/T1548-003/sequence_1_sudo_sshkey-54_inetfw.json
[9t][template][main.py] | [privilege_escalation] T1548-003    4-7                                 inetfw       n_triples=   6 -> /csse/research/contructive-learning/CAM-LDS/sequences/privilege_escalation/T1548-003/sequence_4-7_inetfw.json
[9t][template][main.py] | [privilege_escalation] T1548-003    4-8                                 inetfw       n_triples=  34 -> /csse/research/contructive-learning/CAM-LDS/sequences/privilege_escalation/T1548-003/sequence_4-8_inetfw.json
[9t][template][main.py] | [stealth             ] T1014-000    2_rootkit-27                        videoserver  n_triples=   3 -> /csse/research/contructive-learning/CAM-LDS/sequences/stealth/T1014-000/sequence_2_rootkit-27_videoserver.json
[9t][template][main.py] | [stealth             ] T1036-005    3_ssh_apt-11                        reposerver   n_triples=   1 -> /csse/research/contructive-learning/CAM-LDS/sequences/stealth/T1036-005/sequence_3_ssh_apt-11_reposerver.json
[9t][template][main.py] | [stealth             ] T1036-005    3_vnc_apt-50                        reposerver   n_triples=   1 -> /csse/research/contructive-learning/CAM-LDS/sequences/stealth/T1036-005/sequence_3_vnc_apt-50_reposerver.json
[9t][template][main.py] | [stealth             ] T1036-005    4-16                                inetfw       n_triples=  35 -> /csse/research/contructive-learning/CAM-LDS/sequences/stealth/T1036-005/sequence_4-16_inetfw.json
[9t][template][main.py] | [stealth             ] T1036-005    4-9                                 inetfw       n_triples=  29 -> /csse/research/contructive-learning/CAM-LDS/sequences/stealth/T1036-005/sequence_4-9_inetfw.json
[9t][template][main.py] | [stealth             ] T1070-003    6_macro_binary-23                   client       n_triples=   7 -> /csse/research/contructive-learning/CAM-LDS/sequences/stealth/T1070-003/sequence_6_macro_binary-23_client.json
[9t][template][main.py] | [stealth             ] T1070-004    1_cron_localaccount-34              videoserver  n_triples=   2 -> /csse/research/contructive-learning/CAM-LDS/sequences/stealth/T1070-004/sequence_1_cron_localaccount-34_videoserver.json
[9t][template][main.py] | [stealth             ] T1070-004    1_pwnkit_localaccount-40            videoserver  n_triples=   3 -> /csse/research/contructive-learning/CAM-LDS/sequences/stealth/T1070-004/sequence_1_pwnkit_localaccount-40_videoserver.json
[9t][template][main.py] | [stealth             ] T1070-004    2_cron-14                           videoserver  n_triples=   4 -> /csse/research/contructive-learning/CAM-LDS/sequences/stealth/T1070-004/sequence_2_cron-14_videoserver.json
[9t][template][main.py] | [stealth             ] T1070-004    4-10                                inetfw       n_triples=   2 -> /csse/research/contructive-learning/CAM-LDS/sequences/stealth/T1070-004/sequence_4-10_inetfw.json
[9t][template][main.py] | [stealth             ] T1078-002    3_ssh_apt-1                         reposerver   n_triples= 852 -> /csse/research/contructive-learning/CAM-LDS/sequences/stealth/T1078-002/sequence_3_ssh_apt-1_reposerver.json
[9t][template][main.py] | [stealth             ] T1078-002    3_ssh_apt-2                         reposerver   n_triples= 336 -> /csse/research/contructive-learning/CAM-LDS/sequences/stealth/T1078-002/sequence_3_ssh_apt-2_reposerver.json
[9t][template][main.py] | [stealth             ] T1078-002    7-3                                 docker       n_triples= 386 -> /csse/research/contructive-learning/CAM-LDS/sequences/stealth/T1078-002/sequence_7-3_docker.json
[9t][template][main.py] | [stealth             ] T1078-003    1_validaccount_localaccount-55      videoserver  n_triples=   1 -> /csse/research/contructive-learning/CAM-LDS/sequences/stealth/T1078-003/sequence_1_validaccount_localaccount-55_videoserver.json
[9t][template][main.py] | [stealth             ] T1078-003    1_validaccount_localaccount-56      videoserver  n_triples=  93 -> /csse/research/contructive-learning/CAM-LDS/sequences/stealth/T1078-003/sequence_1_validaccount_localaccount-56_videoserver.json
[9t][template][main.py] | [stealth             ] T1078-003    3_ssh_apt-4                         reposerver   n_triples=  48 -> /csse/research/contructive-learning/CAM-LDS/sequences/stealth/T1078-003/sequence_3_ssh_apt-4_reposerver.json
[9t][template][main.py] | [stealth             ] T1078-003    3_ssh_apt-5                         reposerver   n_triples=   3 -> /csse/research/contructive-learning/CAM-LDS/sequences/stealth/T1078-003/sequence_3_ssh_apt-5_reposerver.json
[9t][template][main.py] | [stealth             ] T1078-003    3_ssh_puppet-37                     reposerver   n_triples= 336 -> /csse/research/contructive-learning/CAM-LDS/sequences/stealth/T1078-003/sequence_3_ssh_puppet-37_reposerver.json
[9t][template][main.py] | [stealth             ] T1078-003    4-19                                reposerver   n_triples= 205 -> /csse/research/contructive-learning/CAM-LDS/sequences/stealth/T1078-003/sequence_4-19_reposerver.json
[9t][template][main.py] | [stealth             ] T1078-003    4-20                                linuxshare   n_triples=   8 -> /csse/research/contructive-learning/CAM-LDS/sequences/stealth/T1078-003/sequence_4-20_linuxshare.json
[9t][template][main.py] | [stealth             ] T1078-003    4-21                                linuxshare   n_triples=  80 -> /csse/research/contructive-learning/CAM-LDS/sequences/stealth/T1078-003/sequence_4-21_linuxshare.json
[9t][template][main.py] | [stealth             ] T1078-003    4-3                                 reposerver   n_triples= 750 -> /csse/research/contructive-learning/CAM-LDS/sequences/stealth/T1078-003/sequence_4-3_reposerver.json
[9t][template][main.py] | [stealth             ] T1078-003    4-4                                 reposerver   n_triples= 336 -> /csse/research/contructive-learning/CAM-LDS/sequences/stealth/T1078-003/sequence_4-4_reposerver.json
[9t][template][main.py] | [stealth             ] T1078-003    4-5                                 reposerver   n_triples=  81 -> /csse/research/contructive-learning/CAM-LDS/sequences/stealth/T1078-003/sequence_4-5_reposerver.json
[9t][template][main.py] | [stealth             ] T1078-003    4-6                                 linuxshare   n_triples=  42 -> /csse/research/contructive-learning/CAM-LDS/sequences/stealth/T1078-003/sequence_4-6_linuxshare.json
[9t][template][main.py] | [stealth             ] T1205-001    4-16                                inetfw       n_triples=  35 -> /csse/research/contructive-learning/CAM-LDS/sequences/stealth/T1205-001/sequence_4-16_inetfw.json
[9t][template][main.py] | [stealth             ] T1205-001    4-3                                 reposerver   n_triples= 750 -> /csse/research/contructive-learning/CAM-LDS/sequences/stealth/T1205-001/sequence_4-3_reposerver.json
[9t][template][main.py] | [stealth             ] T1205-001    4-9                                 inetfw       n_triples=  29 -> /csse/research/contructive-learning/CAM-LDS/sequences/stealth/T1205-001/sequence_4-9_inetfw.json
[9t][template][main.py] | [stealth             ] T1218-000    1_pwnkit_localaccount-39            videoserver  n_triples=  30 -> /csse/research/contructive-learning/CAM-LDS/sequences/stealth/T1218-000/sequence_1_pwnkit_localaccount-39_videoserver.json
[9t][template][main.py] | [stealth             ] T1218-000    1_pwnkit_pam-42                     videoserver  n_triples=  11 -> /csse/research/contructive-learning/CAM-LDS/sequences/stealth/T1218-000/sequence_1_pwnkit_pam-42_videoserver.json
[9t][template][main.py] | [stealth             ] T1218-000    1_pwnkit_sshkey-44                  videoserver  n_triples=   8 -> /csse/research/contructive-learning/CAM-LDS/sequences/stealth/T1218-000/sequence_1_pwnkit_sshkey-44_videoserver.json
[9t][template][main.py] | [stealth             ] T1497-001    1_cron_localaccount-28              videoserver  n_triples=  17 -> /csse/research/contructive-learning/CAM-LDS/sequences/stealth/T1497-001/sequence_1_cron_localaccount-28_videoserver.json
[9t][template][main.py] | [stealth             ] T1497-001    1_cron_pam-28                       videoserver  n_triples=  17 -> /csse/research/contructive-learning/CAM-LDS/sequences/stealth/T1497-001/sequence_1_cron_pam-28_videoserver.json
[9t][template][main.py] | [stealth             ] T1497-001    1_cron_sshkey-28                    videoserver  n_triples=   7 -> /csse/research/contructive-learning/CAM-LDS/sequences/stealth/T1497-001/sequence_1_cron_sshkey-28_videoserver.json
[9t][template][main.py] | [stealth             ] T1497-001    1_pwnkit_localaccount-28            videoserver  n_triples=  30 -> /csse/research/contructive-learning/CAM-LDS/sequences/stealth/T1497-001/sequence_1_pwnkit_localaccount-28_videoserver.json
[9t][template][main.py] | [stealth             ] T1497-001    1_pwnkit_pam-28                     videoserver  n_triples=  17 -> /csse/research/contructive-learning/CAM-LDS/sequences/stealth/T1497-001/sequence_1_pwnkit_pam-28_videoserver.json
[9t][template][main.py] | [stealth             ] T1497-001    1_pwnkit_sshkey-28                  videoserver  n_triples=   7 -> /csse/research/contructive-learning/CAM-LDS/sequences/stealth/T1497-001/sequence_1_pwnkit_sshkey-28_videoserver.json
[9t][template][main.py] | [stealth             ] T1497-001    1_racecondition_localaccount-28     videoserver  n_triples=  20 -> /csse/research/contructive-learning/CAM-LDS/sequences/stealth/T1497-001/sequence_1_racecondition_localaccount-28_videoserver.json
[9t][template][main.py] | [stealth             ] T1497-001    1_racecondition_pam-28              videoserver  n_triples=  20 -> /csse/research/contructive-learning/CAM-LDS/sequences/stealth/T1497-001/sequence_1_racecondition_pam-28_videoserver.json
[9t][template][main.py] | [stealth             ] T1497-001    1_racecondition_sshkey-28           videoserver  n_triples=  11 -> /csse/research/contructive-learning/CAM-LDS/sequences/stealth/T1497-001/sequence_1_racecondition_sshkey-28_videoserver.json
[9t][template][main.py] | [stealth             ] T1497-001    1_sudo_localaccount-28              videoserver  n_triples=  17 -> /csse/research/contructive-learning/CAM-LDS/sequences/stealth/T1497-001/sequence_1_sudo_localaccount-28_videoserver.json
[9t][template][main.py] | [stealth             ] T1497-001    1_sudo_pam-28                       videoserver  n_triples=  17 -> /csse/research/contructive-learning/CAM-LDS/sequences/stealth/T1497-001/sequence_1_sudo_pam-28_videoserver.json
[9t][template][main.py] | [stealth             ] T1497-001    1_sudo_sshkey-28                    videoserver  n_triples=   7 -> /csse/research/contructive-learning/CAM-LDS/sequences/stealth/T1497-001/sequence_1_sudo_sshkey-28_videoserver.json
[9t][template][main.py] | [stealth             ] T1497-001    1_validaccount_localaccount-28      videoserver  n_triples=  17 -> /csse/research/contructive-learning/CAM-LDS/sequences/stealth/T1497-001/sequence_1_validaccount_localaccount-28_videoserver.json
[9t][template][main.py] | [stealth             ] T1497-001    1_validaccount_pam-28               videoserver  n_triples=  17 -> /csse/research/contructive-learning/CAM-LDS/sequences/stealth/T1497-001/sequence_1_validaccount_pam-28_videoserver.json
[9t][template][main.py] | [stealth             ] T1497-001    1_validaccount_sshkey-28            videoserver  n_triples=   7 -> /csse/research/contructive-learning/CAM-LDS/sequences/stealth/T1497-001/sequence_1_validaccount_sshkey-28_videoserver.json
[9t][template][main.py] | [stealth             ] T1564-000    2_rootkit-27                        videoserver  n_triples=   3 -> /csse/research/contructive-learning/CAM-LDS/sequences/stealth/T1564-000/sequence_2_rootkit-27_videoserver.json
[9t][template][main.py] | [stealth             ] T1564-001    3_ssh_apt-11                        reposerver   n_triples=   1 -> /csse/research/contructive-learning/CAM-LDS/sequences/stealth/T1564-001/sequence_3_ssh_apt-11_reposerver.json
[9t][template][main.py] | [stealth             ] T1564-001    3_vnc_apt-50                        reposerver   n_triples=   1 -> /csse/research/contructive-learning/CAM-LDS/sequences/stealth/T1564-001/sequence_3_vnc_apt-50_reposerver.json
[9t][template][main.py] | [stealth             ] T1564-001    6_macro_binary-16                   client       n_triples=  31 -> /csse/research/contructive-learning/CAM-LDS/sequences/stealth/T1564-001/sequence_6_macro_binary-16_client.json
[9t][template][main.py] | [stealth             ] T1564-001    6_screensharing_binary-49           client       n_triples=   2 -> /csse/research/contructive-learning/CAM-LDS/sequences/stealth/T1564-001/sequence_6_screensharing_binary-49_client.json
[9t][template][main.py] | [stealth             ] T1574-000    2_rootkit-27                        videoserver  n_triples=   3 -> /csse/research/contructive-learning/CAM-LDS/sequences/stealth/T1574-000/sequence_2_rootkit-27_videoserver.json
[9t][template][main.py] | [stealth             ] T1574-000    3_ssh_apt-12                        reposerver   n_triples=  43 -> /csse/research/contructive-learning/CAM-LDS/sequences/stealth/T1574-000/sequence_3_ssh_apt-12_reposerver.json
[9t][template][main.py] | [stealth             ] T1574-000    3_ssh_apt-14                        reposerver   n_triples=   3 -> /csse/research/contructive-learning/CAM-LDS/sequences/stealth/T1574-000/sequence_3_ssh_apt-14_reposerver.json
[9t][template][main.py] | [stealth             ] T1574-000    3_vnc_apt-51                        reposerver   n_triples=   9 -> /csse/research/contructive-learning/CAM-LDS/sequences/stealth/T1574-000/sequence_3_vnc_apt-51_reposerver.json
[9t][template][main.py] | [stealth             ] T1574-008    6_macro_binary-12                   client       n_triples=  23 -> /csse/research/contructive-learning/CAM-LDS/sequences/stealth/T1574-008/sequence_6_macro_binary-12_client.json
[9t][template][main.py] | [stealth             ] T1574-008    6_screensharing_binary-57           client       n_triples=   2 -> /csse/research/contructive-learning/CAM-LDS/sequences/stealth/T1574-008/sequence_6_screensharing_binary-57_client.json
[9t][template][main.py] | 
[9t][template][main.py] | Built 315 sequences (0 empty) -> /csse/research/contructive-learning/CAM-LDS/sequences
[9t][template][main.py] |   [cache] saved -> /csse/research/contructive-learning/CAM-LDS/cache/stage4_build_sequences.pkl
[9t][template][main.py] | 
[9t][template][main.py] | Stage 5 / 6 — contrastive training (multi-label class prototypes)  [run_tag=seed1_9tactic]
[9t][template][main.py] | 
[9t][template][main.py] |   Device   : cuda
[9t][template][main.py] | 
[9t][template][main.py] |   Loaded 159 unique sequences (99 multi-tactic — kept as multi-label, not dropped).
[9t][template][main.py] |     - 1_cron_localaccount-32 : ['execution', 'persistence', 'privilege_escalation']
[9t][template][main.py] |     - 3_ssh_apt-16 : ['command_and_control', 'execution', 'persistence', 'privilege_escalation']
[9t][template][main.py] |     - 6_macro_binary-20 : ['execution', 'persistence', 'privilege_escalation']
[9t][template][main.py] |     - 6_macro_binary-21 : ['execution', 'persistence', 'privilege_escalation']
[9t][template][main.py] |     - 6_macro_binary-22 : ['execution', 'persistence', 'privilege_escalation']
[9t][template][main.py] |     - 6_macro_cron-24 : ['execution', 'persistence', 'privilege_escalation']
[9t][template][main.py] |     - 7-10 : ['execution', 'lateral_movement', 'persistence', 'privilege_escalation']
[9t][template][main.py] |     - 3_ssh_apt-1 : ['credential_access', 'initial_access', 'persistence', 'privilege_escalation', 'stealth']
[9t][template][main.py] |     - 3_ssh_apt-2 : ['initial_access', 'persistence', 'privilege_escalation', 'stealth']
[9t][template][main.py] |     - 7-3 : ['credential_access', 'initial_access', 'persistence', 'privilege_escalation', 'stealth']
[9t][template][main.py] |     - 1_validaccount_localaccount-55 : ['initial_access', 'persistence', 'privilege_escalation', 'stealth']
[9t][template][main.py] |     - 1_validaccount_localaccount-56 : ['initial_access', 'persistence', 'privilege_escalation', 'stealth']
[9t][template][main.py] |     - 3_ssh_apt-4 : ['initial_access', 'persistence', 'privilege_escalation', 'stealth']
[9t][template][main.py] |     - 3_ssh_apt-5 : ['initial_access', 'persistence', 'privilege_escalation', 'stealth']
[9t][template][main.py] |     - 3_ssh_puppet-37 : ['initial_access', 'persistence', 'privilege_escalation', 'stealth']
[9t][template][main.py] |     - 4-19 : ['initial_access', 'persistence', 'privilege_escalation', 'stealth']
[9t][template][main.py] |     - 4-20 : ['initial_access', 'persistence', 'privilege_escalation', 'stealth']
[9t][template][main.py] |     - 4-21 : ['initial_access', 'persistence', 'privilege_escalation', 'stealth']
[9t][template][main.py] |     - 4-3 : ['command_and_control', 'initial_access', 'persistence', 'privilege_escalation', 'stealth']
[9t][template][main.py] |     - 4-4 : ['initial_access', 'persistence', 'privilege_escalation', 'stealth']
[9t][template][main.py] |     - 4-5 : ['initial_access', 'persistence', 'privilege_escalation', 'stealth']
[9t][template][main.py] | /csse/research/contructive-learning/.venv/lib/python3.9/site-packages/transformers/tokenization_utils_base.py:1601: FutureWarning: `clean_up_tokenization_spaces` was not set. It will be set to `True` by default. This behavior will be depracted in transformers v4.45, and will be then set to `False` by default. For more details check this issue: https://github.com/huggingface/transformers/issues/31884
[9t][template][main.py] |   warnings.warn(
[9t][template][main.py] | Some weights of RobertaModel were not initialized from the model checkpoint at FacebookAI/roberta-base and are newly initialized: ['roberta.pooler.dense.bias', 'roberta.pooler.dense.weight']
[9t][template][main.py] | You should probably TRAIN this model on a down-stream task to be able to use it for predictions and inference.
[9t][template][main.py] | Some weights of RobertaModel were not initialized from the model checkpoint at FacebookAI/roberta-base and are newly initialized: ['roberta.pooler.dense.bias', 'roberta.pooler.dense.weight']
[9t][template][main.py] | You should probably TRAIN this model on a down-stream task to be able to use it for predictions and inference.
[9t][template][main.py] | Token indices sequence length is longer than the specified maximum sequence length for this model (20457 > 512). Running this sequence through the model will result in indexing errors
[9t][template][main.py] |     - 4-6 : ['initial_access', 'persistence', 'privilege_escalation', 'stealth']
[9t][template][main.py] |     - 1_cron_sshkey-30 : ['persistence', 'privilege_escalation']
[9t][template][main.py] |     - 1_pwnkit_sshkey-43 : ['command_and_control', 'persistence', 'privilege_escalation']
[9t][template][main.py] |     - 1_pwnkit_sshkey-44 : ['persistence', 'privilege_escalation', 'stealth']
[9t][template][main.py] |     - 2_rootkit-26 : ['persistence', 'privilege_escalation']
[9t][template][main.py] |     - 2_rootkit-28 : ['persistence', 'privilege_escalation']
[9t][template][main.py] |     - 2_rootkit-29 : ['persistence', 'privilege_escalation']
[9t][template][main.py] |     - 4-12 : ['persistence', 'privilege_escalation']
[9t][template][main.py] |     - 4-13 : ['persistence', 'privilege_escalation']
[9t][template][main.py] |     - 4-14 : ['persistence', 'privilege_escalation']
[9t][template][main.py] |     - 4-15 : ['persistence', 'privilege_escalation']
[9t][template][main.py] |     - 1_racecondition_localaccount-48 : ['persistence', 'privilege_escalation']
[9t][template][main.py] |     - 1_racecondition_localaccount-49 : ['persistence', 'privilege_escalation']
[9t][template][main.py] |     - 1_racecondition_localaccount-50 : ['persistence', 'privilege_escalation']
[9t][template][main.py] |     - 1_racecondition_localaccount-52 : ['persistence', 'privilege_escalation']
[9t][template][main.py] |     - 6_macro_binary-12 : ['execution', 'persistence', 'privilege_escalation', 'stealth']
[9t][template][main.py] |     - 1_autostart_localaccount-15 : ['persistence', 'privilege_escalation']
[9t][template][main.py] |     - 1_autostart_localaccount-16 : ['persistence', 'privilege_escalation']
[9t][template][main.py] |     - 2_cron-4 : ['execution', 'persistence', 'privilege_escalation']
[9t][template][main.py] |     - 4-16 : ['command_and_control', 'persistence', 'stealth']
[9t][template][main.py] |     - 7-6 : ['command_and_control', 'execution', 'initial_access']
[9t][template][main.py] |     - 1_pwnkit_localaccount-38 : ['command_and_control', 'persistence']
[9t][template][main.py] |     - 1_pwnkit_pam-41 : ['command_and_control', 'credential_access', 'defense_impairment', 'persistence']
[9t][template][main.py] |     - 3_ssh_puppet-40 : ['command_and_control', 'execution', 'lateral_movement']
[9t][template][main.py] |     - 3_vnc_puppet-60 : ['command_and_control', 'execution', 'lateral_movement']
[9t][template][main.py] |     - 6_macro_binary-1 : ['command_and_control', 'execution']
[9t][template][main.py] |     - 6_screensharing_binary-39 : ['command_and_control', 'execution', 'initial_access']
[9t][template][main.py] |     - 6_screensharing_binary-49 : ['command_and_control', 'stealth']
[9t][template][main.py] |     - 4-9 : ['command_and_control', 'persistence', 'stealth']
[9t][template][main.py] |     - 6_screensharing_binary-41 : ['command_and_control', 'execution']
[9t][template][main.py] |     - 6_screensharing_binary-43 : ['command_and_control', 'initial_access']
[9t][template][main.py] |     - 6_screensharing_binary-44 : ['command_and_control', 'initial_access']
[9t][template][main.py] |     - 6_screensharing_binary-51 : ['command_and_control', 'defense_impairment']
[9t][template][main.py] |     - 6_screensharing_binary-57 : ['command_and_control', 'execution', 'stealth']
[9t][template][main.py] |     - 6_screensharing_binary-59 : ['command_and_control', 'execution']
[9t][template][main.py] |     - 3_ssh_apt-3 : ['credential_access', 'discovery']
[9t][template][main.py] |     - 5-2 : ['credential_access', 'discovery']
[9t][template][main.py] |     - 6_plugin-26 : ['collection', 'credential_access', 'persistence']
[9t][template][main.py] |     - 6_plugin-28 : ['collection', 'credential_access', 'persistence']
[9t][template][main.py] |     - 6_plugin-29 : ['collection', 'credential_access', 'persistence']
[9t][template][main.py] |     - 6_plugin-30 : ['collection', 'credential_access', 'persistence']
[9t][template][main.py] |     - 6_plugin-31 : ['collection', 'credential_access']
[9t][template][main.py] |     - 6_plugin-32 : ['collection', 'credential_access']
[9t][template][main.py] |     - 6_plugin-33 : ['collection', 'credential_access']
[9t][template][main.py] |     - 6_plugin-34 : ['collection', 'credential_access']
[9t][template][main.py] |     - 6_plugin-35 : ['collection', 'credential_access']
[9t][template][main.py] |     - 3_vnc_healthcheck-55 : ['credential_access', 'lateral_movement']
[9t][template][main.py] |     - 3_vnc_puppet-58 : ['credential_access', 'lateral_movement']
[9t][template][main.py] |     - 1_pwnkit_pam-42 : ['credential_access', 'defense_impairment', 'persistence', 'stealth']
[9t][template][main.py] |     - 6_screensharing_cron-20 : ['execution', 'persistence', 'privilege_escalation']
[9t][template][main.py] |     - 6_screensharing_cron-21 : ['execution', 'persistence', 'privilege_escalation']
[9t][template][main.py] |     - 6_screensharing_cron-22 : ['execution', 'persistence', 'privilege_escalation']
[9t][template][main.py] |     - 6_screensharing_cron-24 : ['execution', 'persistence', 'privilege_escalation']
[9t][template][main.py] |     - 3_ssh_apt-14 : ['execution', 'stealth']
[9t][template][main.py] |     - 1_autostart_localaccount-5 : ['execution', 'initial_access']
[9t][template][main.py] |     - 3_ssh_apt-17 : ['execution', 'lateral_movement']
[9t][template][main.py] |     - 3_ssh_apt-18 : ['execution', 'lateral_movement']
[9t][template][main.py] |     - 3_vnc_apt-54 : ['execution', 'lateral_movement']
[9t][template][main.py] |     - 2_rootkit-27 : ['execution', 'stealth']
[9t][template][main.py] |     - 3_ssh_apt-12 : ['execution', 'stealth']
[9t][template][main.py] |     - 3_vnc_apt-51 : ['execution', 'stealth']
[9t][template][main.py] |     - 1_pwnkit_localaccount-39 : ['persistence', 'stealth']
[9t][template][main.py] |     - 1_cron_pam-29 : ['credential_access', 'defense_impairment', 'persistence']
[9t][template][main.py] |     - 1_cron_localaccount-28 : ['discovery', 'stealth']
[9t][template][main.py] |     - 1_cron_pam-28 : ['discovery', 'stealth']
[9t][template][main.py] |     - 1_cron_sshkey-28 : ['discovery', 'stealth']
[9t][template][main.py] |     - 1_pwnkit_localaccount-28 : ['discovery', 'stealth']
[9t][template][main.py] |     - 1_pwnkit_pam-28 : ['discovery', 'stealth']
[9t][template][main.py] |     - 1_pwnkit_sshkey-28 : ['discovery', 'stealth']
[9t][template][main.py] |     - 1_racecondition_localaccount-28 : ['discovery', 'stealth']
[9t][template][main.py] |     - 1_racecondition_pam-28 : ['discovery', 'stealth']
[9t][template][main.py] |     - 1_racecondition_sshkey-28 : ['discovery', 'stealth']
[9t][template][main.py] |     - 1_sudo_localaccount-28 : ['discovery', 'stealth']
[9t][template][main.py] |     - 1_sudo_pam-28 : ['discovery', 'stealth']
[9t][template][main.py] |     - 1_sudo_sshkey-28 : ['discovery', 'stealth']
[9t][template][main.py] |     - 1_validaccount_localaccount-28 : ['discovery', 'stealth']
[9t][template][main.py] |     - 1_validaccount_pam-28 : ['discovery', 'stealth']
[9t][template][main.py] |     - 1_validaccount_sshkey-28 : ['discovery', 'stealth']
[9t][template][main.py] |   Tactics (from full true multi-label membership of our 159 steps): collection, command_and_control, credential_access, defense_impairment, discovery, execution, initial_access, lateral_movement, persistence, privilege_escalation, stealth
[9t][template][main.py] |   Split mode: random 90/10 (split_seed=1)
[9t][template][main.py] |   Train sequences: 144  Test sequences: 15
[9t][template][main.py] |     [test] ['execution', 'lateral_movement'] / 3_ssh_apt-17
[9t][template][main.py] |     [test] ['command_and_control', 'execution', 'stealth'] / 6_screensharing_binary-57
[9t][template][main.py] |     [test] ['execution', 'lateral_movement'] / 3_vnc_apt-54
[9t][template][main.py] |     [test] ['discovery', 'stealth'] / 1_pwnkit_localaccount-28
[9t][template][main.py] |     [test] ['collection', 'credential_access', 'persistence'] / 6_plugin-28
[9t][template][main.py] |     [test] ['initial_access', 'persistence', 'privilege_escalation', 'stealth'] / 3_ssh_apt-2
[9t][template][main.py] |     [test] ['stealth'] / 1_pwnkit_localaccount-40
[9t][template][main.py] |     [test] ['execution'] / 6_macro_binary-5
[9t][template][main.py] |     [test] ['credential_access'] / 2_cron-8
[9t][template][main.py] |     [test] ['initial_access', 'persistence', 'privilege_escalation', 'stealth'] / 4-21
[9t][template][main.py] |     [test] ['collection', 'credential_access'] / 6_plugin-31
[9t][template][main.py] |     [test] ['privilege_escalation'] / 1_sudo_localaccount-53
[9t][template][main.py] |     [test] ['execution', 'persistence', 'privilege_escalation'] / 2_cron-4
[9t][template][main.py] |     [test] ['command_and_control', 'execution', 'persistence', 'privilege_escalation'] / 3_ssh_apt-16
[9t][template][main.py] |     [test] ['stealth'] / 3_ssh_apt-11
[9t][template][main.py] |     collection : 7 train
[9t][template][main.py] |     command_and_control : 30 train
[9t][template][main.py] |     credential_access : 21 train
[9t][template][main.py] |     defense_impairment : 9 train
[9t][template][main.py] |     discovery : 16 train
[9t][template][main.py] |     execution : 37 train
[9t][template][main.py] |     initial_access : 18 train
[9t][template][main.py] |     lateral_movement : 11 train
[9t][template][main.py] |     persistence : 50 train
[9t][template][main.py] |     privilege_escalation : 48 train
[9t][template][main.py] |     stealth : 44 train
[9t][template][main.py] |   Templates: collection, command_and_control, credential_access, defense_impairment, discovery, execution, exfiltration, impact, initial_access, lateral_movement, persistence, privilege_escalation, reconnaissance, stealth
[9t][template][main.py] | 
[9t][template][main.py] |   Loading RoBERTa encoders...
[9t][template][main.py] |   Encoders loaded — layers 0-8 frozen, layers 9-11 trainable, gradient checkpointing ON.
[9t][template][main.py] | 
[9t][template][main.py] |   Training  epochs=100 lr=1e-05 dropout=0.5 patience=20 batch_size=11
[9t][template][main.py] |   Start time: 2026-08-08 03:01:17
[9t][template][main.py] | 
[9t][template][main.py] |   epoch    1  loss=2.191867  steps=14  logit_scale=14.2842  epoch_time=0.20m  total_time=0.20m
[9t][template][main.py] |   epoch    5  loss=1.999917  steps=14  logit_scale=14.2783  epoch_time=0.19m  total_time=0.96m
[9t][template][main.py] |   epoch   10  loss=1.938588  steps=14  logit_scale=14.2728  epoch_time=0.20m  total_time=2.04m
[9t][template][main.py] |   [checkpoint] camlds_seed1_9tactic_epoch10.pt saved (best_loss=1.938588)
[9t][template][main.py] |   epoch   15  loss=1.950044  steps=14  logit_scale=14.2671  epoch_time=0.19m  total_time=3.19m
[9t][template][main.py] |   epoch   20  loss=1.910782  steps=14  logit_scale=14.2627  epoch_time=0.27m  total_time=4.35m
[9t][template][main.py] |   [checkpoint] camlds_seed1_9tactic_epoch20.pt saved (best_loss=1.877014)
[9t][template][main.py] |   epoch   25  loss=1.810463  steps=14  logit_scale=14.2597  epoch_time=0.18m  total_time=5.55m
[9t][template][main.py] |   epoch   30  loss=1.749505  steps=14  logit_scale=14.2551  epoch_time=0.27m  total_time=6.48m
[9t][template][main.py] |   [checkpoint] camlds_seed1_9tactic_epoch30.pt saved (best_loss=1.749505)
[9t][template][main.py] | Some weights of RobertaModel were not initialized from the model checkpoint at FacebookAI/roberta-base and are newly initialized: ['roberta.pooler.dense.bias', 'roberta.pooler.dense.weight']
[9t][template][main.py] | You should probably TRAIN this model on a down-stream task to be able to use it for predictions and inference.
[9t][template][main.py] | Some weights of RobertaModel were not initialized from the model checkpoint at FacebookAI/roberta-base and are newly initialized: ['roberta.pooler.dense.bias', 'roberta.pooler.dense.weight']
[9t][template][main.py] | You should probably TRAIN this model on a down-stream task to be able to use it for predictions and inference.
[9t][template][main.py] |   epoch   35  loss=1.658197  steps=14  logit_scale=14.2510  epoch_time=0.24m  total_time=7.53m
[9t][template][main.py] |   epoch   40  loss=1.455019  steps=14  logit_scale=14.2481  epoch_time=0.20m  total_time=8.55m
[9t][template][main.py] |   [checkpoint] camlds_seed1_9tactic_epoch40.pt saved (best_loss=1.353854)
[9t][template][main.py] |   epoch   45  loss=1.206725  steps=14  logit_scale=14.2461  epoch_time=0.20m  total_time=9.61m
[9t][template][main.py] |   epoch   50  loss=1.142973  steps=14  logit_scale=14.2436  epoch_time=0.19m  total_time=10.81m
[9t][template][main.py] |   [checkpoint] camlds_seed1_9tactic_epoch50.pt saved (best_loss=1.061284)
[9t][template][main.py] |   epoch   55  loss=1.139682  steps=14  logit_scale=14.2417  epoch_time=0.21m  total_time=12.13m
[9t][template][main.py] |   epoch   60  loss=0.819223  steps=14  logit_scale=14.2397  epoch_time=0.28m  total_time=13.45m
[9t][template][main.py] |   [checkpoint] camlds_seed1_9tactic_epoch60.pt saved (best_loss=0.819223)
[9t][template][main.py] |   epoch   65  loss=0.874968  steps=14  logit_scale=14.2390  epoch_time=0.17m  total_time=14.50m
[9t][template][main.py] |   epoch   70  loss=0.773524  steps=14  logit_scale=14.2377  epoch_time=0.17m  total_time=15.47m
[9t][template][main.py] |   [checkpoint] camlds_seed1_9tactic_epoch70.pt saved (best_loss=0.746709)
[9t][template][main.py] |   epoch   75  loss=0.738362  steps=14  logit_scale=14.2361  epoch_time=0.23m  total_time=16.63m
[9t][template][main.py] |   epoch   80  loss=0.685787  steps=14  logit_scale=14.2373  epoch_time=0.26m  total_time=17.68m
[9t][template][main.py] |   [checkpoint] camlds_seed1_9tactic_epoch80.pt saved (best_loss=0.427886)
[9t][template][main.py] |   epoch   85  loss=0.624063  steps=14  logit_scale=14.2395  epoch_time=0.21m  total_time=18.97m
[9t][template][main.py] |   epoch   90  loss=0.609407  steps=14  logit_scale=14.2409  epoch_time=0.18m  total_time=19.97m
[9t][template][main.py] |   [checkpoint] camlds_seed1_9tactic_epoch90.pt saved (best_loss=0.427886)
[9t][template][main.py] |   epoch   95  loss=0.390713  steps=14  logit_scale=14.2445  epoch_time=0.24m  total_time=21.04m
[9t][template][main.py] |   epoch  100  loss=0.333566  steps=14  logit_scale=14.2463  epoch_time=0.24m  total_time=22.07m
[9t][template][main.py] |   [checkpoint] camlds_seed1_9tactic_epoch100.pt saved (best_loss=0.257154)
[9t][template][main.py] | 
[9t][template][main.py] |   Best train loss : 0.257154
[9t][template][main.py] |   logit_scale     : 14.2422
[9t][template][main.py] |   End time        : 2026-08-08 03:23:30
[9t][template][main.py] |   Total time      : 22.23m
[9t][template][main.py] | 
[9t][template][main.py] |   Checkpoint    → /csse/research/contructive-learning/CAM-LDS/checkpoints/camlds_matcher_seed1_9tactic.pt
[9t][template][main.py] |   Train history → /csse/research/contructive-learning/CAM-LDS/results/train_history_camlds_seed1_9tactic.json
[9t][template][main.py] | 
[9t][template][main.py] |   Run test_camlds_matcher.py --run-tag seed1_9tactic for the detailed per-file test report.
[9t][template][main.py] |   [cache] saved -> /csse/research/contructive-learning/CAM-LDS/cache/stage5_training_seed1_9tactic.pkl
[9t][template][main.py] | 
[9t][template][main.py] | Stage 6 / 6 — evaluation (test_camlds_matcher)  [run_tag=seed1_9tactic]
[9t][template][main.py] | 
[9t][template][main.py] |   Device: cuda
[9t][template][main.py] | 
[9t][template][main.py] |   Loading model from /csse/research/contructive-learning/CAM-LDS/checkpoints/camlds_matcher_seed1_9tactic.pt
[9t][template][main.py] |   Best train loss: 0.2572  Best epoch: 92
[9t][template][main.py] |   Tactics (prototypes) this model was trained on: collection, command_and_control, credential_access, defense_impairment, discovery, execution, initial_access, lateral_movement, persistence, privilege_escalation, stealth
[9t][template][main.py] |   Trained scale: 14.24 (temp=0.0702)   Display scale: 14.29 (temp=0.07 override)
[9t][template][main.py] | 
[9t][template][main.py] |   Loading RoBERTa encoders (fine-tuned weights from checkpoint)...
[9t][template][main.py] |   Loaded 159 unique sequences (99 multi-tactic — kept as multi-label, not dropped).
[9t][template][main.py] |     - 1_cron_localaccount-32 : ['execution', 'persistence', 'privilege_escalation']
[9t][template][main.py] |     - 3_ssh_apt-16 : ['command_and_control', 'execution', 'persistence', 'privilege_escalation']
[9t][template][main.py] |     - 6_macro_binary-20 : ['execution', 'persistence', 'privilege_escalation']
[9t][template][main.py] |     - 6_macro_binary-21 : ['execution', 'persistence', 'privilege_escalation']
[9t][template][main.py] |     - 6_macro_binary-22 : ['execution', 'persistence', 'privilege_escalation']
[9t][template][main.py] |     - 6_macro_cron-24 : ['execution', 'persistence', 'privilege_escalation']
[9t][template][main.py] |     - 7-10 : ['execution', 'lateral_movement', 'persistence', 'privilege_escalation']
[9t][template][main.py] |     - 3_ssh_apt-1 : ['credential_access', 'initial_access', 'persistence', 'privilege_escalation', 'stealth']
[9t][template][main.py] |     - 3_ssh_apt-2 : ['initial_access', 'persistence', 'privilege_escalation', 'stealth']
[9t][template][main.py] |     - 7-3 : ['credential_access', 'initial_access', 'persistence', 'privilege_escalation', 'stealth']
[9t][template][main.py] |     - 1_validaccount_localaccount-55 : ['initial_access', 'persistence', 'privilege_escalation', 'stealth']
[9t][template][main.py] |     - 1_validaccount_localaccount-56 : ['initial_access', 'persistence', 'privilege_escalation', 'stealth']
[9t][template][main.py] |     - 3_ssh_apt-4 : ['initial_access', 'persistence', 'privilege_escalation', 'stealth']
[9t][template][main.py] |     - 3_ssh_apt-5 : ['initial_access', 'persistence', 'privilege_escalation', 'stealth']
[9t][template][main.py] |     - 3_ssh_puppet-37 : ['initial_access', 'persistence', 'privilege_escalation', 'stealth']
[9t][template][main.py] |     - 4-19 : ['initial_access', 'persistence', 'privilege_escalation', 'stealth']
[9t][template][main.py] |     - 4-20 : ['initial_access', 'persistence', 'privilege_escalation', 'stealth']
[9t][template][main.py] |     - 4-21 : ['initial_access', 'persistence', 'privilege_escalation', 'stealth']
[9t][template][main.py] |     - 4-3 : ['command_and_control', 'initial_access', 'persistence', 'privilege_escalation', 'stealth']
[9t][template][main.py] |     - 4-4 : ['initial_access', 'persistence', 'privilege_escalation', 'stealth']
[9t][template][main.py] |     - 4-5 : ['initial_access', 'persistence', 'privilege_escalation', 'stealth']
[9t][template][main.py] |     - 4-6 : ['initial_access', 'persistence', 'privilege_escalation', 'stealth']
[9t][template][main.py] |     - 1_cron_sshkey-30 : ['persistence', 'privilege_escalation']
[9t][template][main.py] |     - 1_pwnkit_sshkey-43 : ['command_and_control', 'persistence', 'privilege_escalation']
[9t][template][main.py] |     - 1_pwnkit_sshkey-44 : ['persistence', 'privilege_escalation', 'stealth']
[9t][template][main.py] |     - 2_rootkit-26 : ['persistence', 'privilege_escalation']
[9t][template][main.py] |     - 2_rootkit-28 : ['persistence', 'privilege_escalation']
[9t][template][main.py] |     - 2_rootkit-29 : ['persistence', 'privilege_escalation']
[9t][template][main.py] |     - 4-12 : ['persistence', 'privilege_escalation']
[9t][template][main.py] |     - 4-13 : ['persistence', 'privilege_escalation']
[9t][template][main.py] |     - 4-14 : ['persistence', 'privilege_escalation']
[9t][template][main.py] |     - 4-15 : ['persistence', 'privilege_escalation']
[9t][template][main.py] |     - 1_racecondition_localaccount-48 : ['persistence', 'privilege_escalation']
[9t][template][main.py] |     - 1_racecondition_localaccount-49 : ['persistence', 'privilege_escalation']
[9t][template][main.py] |     - 1_racecondition_localaccount-50 : ['persistence', 'privilege_escalation']
[9t][template][main.py] |     - 1_racecondition_localaccount-52 : ['persistence', 'privilege_escalation']
[9t][template][main.py] |     - 6_macro_binary-12 : ['execution', 'persistence', 'privilege_escalation', 'stealth']
[9t][template][main.py] |     - 1_autostart_localaccount-15 : ['persistence', 'privilege_escalation']
[9t][template][main.py] |     - 1_autostart_localaccount-16 : ['persistence', 'privilege_escalation']
[9t][template][main.py] |     - 2_cron-4 : ['execution', 'persistence', 'privilege_escalation']
[9t][template][main.py] |     - 4-16 : ['command_and_control', 'persistence', 'stealth']
[9t][template][main.py] |     - 7-6 : ['command_and_control', 'execution', 'initial_access']
[9t][template][main.py] |     - 1_pwnkit_localaccount-38 : ['command_and_control', 'persistence']
[9t][template][main.py] |     - 1_pwnkit_pam-41 : ['command_and_control', 'credential_access', 'defense_impairment', 'persistence']
[9t][template][main.py] |     - 3_ssh_puppet-40 : ['command_and_control', 'execution', 'lateral_movement']
[9t][template][main.py] |     - 3_vnc_puppet-60 : ['command_and_control', 'execution', 'lateral_movement']
[9t][template][main.py] |     - 6_macro_binary-1 : ['command_and_control', 'execution']
[9t][template][main.py] |     - 6_screensharing_binary-39 : ['command_and_control', 'execution', 'initial_access']
[9t][template][main.py] |     - 6_screensharing_binary-49 : ['command_and_control', 'stealth']
[9t][template][main.py] |     - 4-9 : ['command_and_control', 'persistence', 'stealth']
[9t][template][main.py] |     - 6_screensharing_binary-41 : ['command_and_control', 'execution']
[9t][template][main.py] |     - 6_screensharing_binary-43 : ['command_and_control', 'initial_access']
[9t][template][main.py] |     - 6_screensharing_binary-44 : ['command_and_control', 'initial_access']
[9t][template][main.py] |     - 6_screensharing_binary-51 : ['command_and_control', 'defense_impairment']
[9t][template][main.py] |     - 6_screensharing_binary-57 : ['command_and_control', 'execution', 'stealth']
[9t][template][main.py] |     - 6_screensharing_binary-59 : ['command_and_control', 'execution']
[9t][template][main.py] |     - 3_ssh_apt-3 : ['credential_access', 'discovery']
[9t][template][main.py] |     - 5-2 : ['credential_access', 'discovery']
[9t][template][main.py] |     - 6_plugin-26 : ['collection', 'credential_access', 'persistence']
[9t][template][main.py] |     - 6_plugin-28 : ['collection', 'credential_access', 'persistence']
[9t][template][main.py] |     - 6_plugin-29 : ['collection', 'credential_access', 'persistence']
[9t][template][main.py] |     - 6_plugin-30 : ['collection', 'credential_access', 'persistence']
[9t][template][main.py] |     - 6_plugin-31 : ['collection', 'credential_access']
[9t][template][main.py] |     - 6_plugin-32 : ['collection', 'credential_access']
[9t][template][main.py] |     - 6_plugin-33 : ['collection', 'credential_access']
[9t][template][main.py] |     - 6_plugin-34 : ['collection', 'credential_access']
[9t][template][main.py] | Token indices sequence length is longer than the specified maximum sequence length for this model (12827 > 512). Running this sequence through the model will result in indexing errors
[9t][template][main.py] |     - 6_plugin-35 : ['collection', 'credential_access']
[9t][template][main.py] |     - 3_vnc_healthcheck-55 : ['credential_access', 'lateral_movement']
[9t][template][main.py] |     - 3_vnc_puppet-58 : ['credential_access', 'lateral_movement']
[9t][template][main.py] |     - 1_pwnkit_pam-42 : ['credential_access', 'defense_impairment', 'persistence', 'stealth']
[9t][template][main.py] |     - 6_screensharing_cron-20 : ['execution', 'persistence', 'privilege_escalation']
[9t][template][main.py] |     - 6_screensharing_cron-21 : ['execution', 'persistence', 'privilege_escalation']
[9t][template][main.py] |     - 6_screensharing_cron-22 : ['execution', 'persistence', 'privilege_escalation']
[9t][template][main.py] |     - 6_screensharing_cron-24 : ['execution', 'persistence', 'privilege_escalation']
[9t][template][main.py] |     - 3_ssh_apt-14 : ['execution', 'stealth']
[9t][template][main.py] |     - 1_autostart_localaccount-5 : ['execution', 'initial_access']
[9t][template][main.py] |     - 3_ssh_apt-17 : ['execution', 'lateral_movement']
[9t][template][main.py] |     - 3_ssh_apt-18 : ['execution', 'lateral_movement']
[9t][template][main.py] |     - 3_vnc_apt-54 : ['execution', 'lateral_movement']
[9t][template][main.py] |     - 2_rootkit-27 : ['execution', 'stealth']
[9t][template][main.py] |     - 3_ssh_apt-12 : ['execution', 'stealth']
[9t][template][main.py] |     - 3_vnc_apt-51 : ['execution', 'stealth']
[9t][template][main.py] |     - 1_pwnkit_localaccount-39 : ['persistence', 'stealth']
[9t][template][main.py] |     - 1_cron_pam-29 : ['credential_access', 'defense_impairment', 'persistence']
[9t][template][main.py] |     - 1_cron_localaccount-28 : ['discovery', 'stealth']
[9t][template][main.py] |     - 1_cron_pam-28 : ['discovery', 'stealth']
[9t][template][main.py] |     - 1_cron_sshkey-28 : ['discovery', 'stealth']
[9t][template][main.py] |     - 1_pwnkit_localaccount-28 : ['discovery', 'stealth']
[9t][template][main.py] |     - 1_pwnkit_pam-28 : ['discovery', 'stealth']
[9t][template][main.py] |     - 1_pwnkit_sshkey-28 : ['discovery', 'stealth']
[9t][template][main.py] |     - 1_racecondition_localaccount-28 : ['discovery', 'stealth']
[9t][template][main.py] |     - 1_racecondition_pam-28 : ['discovery', 'stealth']
[9t][template][main.py] |     - 1_racecondition_sshkey-28 : ['discovery', 'stealth']
[9t][template][main.py] |     - 1_sudo_localaccount-28 : ['discovery', 'stealth']
[9t][template][main.py] |     - 1_sudo_pam-28 : ['discovery', 'stealth']
[9t][template][main.py] |     - 1_sudo_sshkey-28 : ['discovery', 'stealth']
[9t][template][main.py] |     - 1_validaccount_localaccount-28 : ['discovery', 'stealth']
[9t][template][main.py] |     - 1_validaccount_pam-28 : ['discovery', 'stealth']
[9t][template][main.py] |     - 1_validaccount_sshkey-28 : ['discovery', 'stealth']
[9t][template][main.py] | 
[9t][template][main.py] |   Loading test sequences (same random split as training, test_size=0.1 split_seed=1)...
[9t][template][main.py] |   Test sequences: 15
[9t][template][main.py] |     [test] ['execution', 'lateral_movement'] / 3_ssh_apt-17
[9t][template][main.py] |     [test] ['command_and_control', 'execution', 'stealth'] / 6_screensharing_binary-57
[9t][template][main.py] |     [test] ['execution', 'lateral_movement'] / 3_vnc_apt-54
[9t][template][main.py] |     [test] ['discovery', 'stealth'] / 1_pwnkit_localaccount-28
[9t][template][main.py] |     [test] ['collection', 'credential_access', 'persistence'] / 6_plugin-28
[9t][template][main.py] |     [test] ['initial_access', 'persistence', 'privilege_escalation', 'stealth'] / 3_ssh_apt-2
[9t][template][main.py] |     [test] ['stealth'] / 1_pwnkit_localaccount-40
[9t][template][main.py] |     [test] ['execution'] / 6_macro_binary-5
[9t][template][main.py] |     [test] ['credential_access'] / 2_cron-8
[9t][template][main.py] |     [test] ['initial_access', 'persistence', 'privilege_escalation', 'stealth'] / 4-21
[9t][template][main.py] |     [test] ['collection', 'credential_access'] / 6_plugin-31
[9t][template][main.py] |     [test] ['privilege_escalation'] / 1_sudo_localaccount-53
[9t][template][main.py] |     [test] ['execution', 'persistence', 'privilege_escalation'] / 2_cron-4
[9t][template][main.py] |     [test] ['command_and_control', 'execution', 'persistence', 'privilege_escalation'] / 3_ssh_apt-16
[9t][template][main.py] |     [test] ['stealth'] / 3_ssh_apt-11
[9t][template][main.py] | 
[9t][template][main.py] |   Encoding test sequences...
[9t][template][main.py] | 
[9t][template][main.py] |   Encoding 11 tactic templates...
[9t][template][main.py] | 
[9t][template][main.py] |   Tactic ID legend:
[9t][template][main.py] |     TA0009 = collection
[9t][template][main.py] |     TA0011 = command_and_control
[9t][template][main.py] |     TA0006 = credential_access
[9t][template][main.py] |     TA0112 = defense_impairment
[9t][template][main.py] |     TA0007 = discovery
[9t][template][main.py] |     TA0002 = execution
[9t][template][main.py] |     TA0001 = initial_access
[9t][template][main.py] |     TA0008 = lateral_movement
[9t][template][main.py] |     TA0003 = persistence
[9t][template][main.py] |     TA0004 = privilege_escalation
[9t][template][main.py] |     TA0005 = stealth
[9t][template][main.py] | 
[9t][template][main.py] |   ── Test Results (scored against 11 tactic prototypes) ──
[9t][template][main.py] |   #    File                       True tactics                         #1 (score)     #2 (score)     #3 (score)     Top1    
[9t][template][main.py] |   ----------------------------------------------------------------------------------------------------------------------------------
[9t][template][main.py] |   1    3_ssh_apt-17               TA0002,TA0008                        TA0005 0.7970  TA0002 0.0703  TA0011 0.0606  WRONG   
[9t][template][main.py] |   2    6_screensharing_binary-57  TA0011,TA0002,TA0005                 TA0005 0.3595  TA0003 0.2004  TA0002 0.1138          
[9t][template][main.py] |   3    3_vnc_apt-54               TA0002,TA0008                        TA0008 0.6530  TA0002 0.2261  TA0011 0.0217          
[9t][template][main.py] |   4    1_pwnkit_localaccount-28   TA0007,TA0005                        TA0005 0.9802  TA0003 0.0104  TA0004 0.0081          
[9t][template][main.py] |   5    6_plugin-28                TA0009,TA0006,TA0003                 TA0006 0.8460  TA0009 0.1526  TA0003 0.0005          
[9t][template][main.py] |   6    3_ssh_apt-2                TA0001,TA0003,TA0004,TA0005          TA0004 0.7570  TA0003 0.2179  TA0005 0.0247          
[9t][template][main.py] |   7    1_pwnkit_localaccount-40   TA0005                               TA0005 0.8051  TA0003 0.0991  TA0004 0.0844          
[9t][template][main.py] |   8    6_macro_binary-5           TA0002                               TA0011 0.5599  TA0002 0.3171  TA0008 0.0294  WRONG   
[9t][template][main.py] |   9    2_cron-8                   TA0006                               TA0011 0.6575  TA0006 0.2144  TA0002 0.0344  WRONG   
[9t][template][main.py] |   10   4-21                       TA0001,TA0003,TA0004,TA0005          TA0004 0.6182  TA0003 0.3253  TA0005 0.0504          
[9t][template][main.py] |   11   6_plugin-31                TA0009,TA0006                        TA0006 0.8595  TA0009 0.1394  TA0003 0.0005          
[9t][template][main.py] |   12   1_sudo_localaccount-53     TA0004                               TA0005 0.8229  TA0003 0.0792  TA0004 0.0725  WRONG   
[9t][template][main.py] |   13   2_cron-4                   TA0002,TA0003,TA0004                 TA0005 0.9993  TA0007 0.0003  TA0003 0.0002  WRONG   
[9t][template][main.py] |   14   3_ssh_apt-16               TA0011,TA0002,TA0003,TA0004          TA0008 0.7992  TA0002 0.0556  TA0005 0.0341  WRONG   
[9t][template][main.py] |   15   3_ssh_apt-11               TA0005                               TA0005 0.7237  TA0003 0.1309  TA0004 0.0786          
[9t][template][main.py] | 
[9t][template][main.py] |   ─────────────────────────────────────
[9t][template][main.py] |   LRAP (Label Ranking Average Precision)          : 74.9%
[9t][template][main.py] |   AUPR (Area Under Precision-Recall Curve, macro) : 58.7%
[9t][template][main.py] |   Totally wrong top-1 prediction                  : 6/15 samples
[9t][template][main.py] | 
[9t][template][main.py] |   Results saved → /csse/research/contructive-learning/CAM-LDS/results/camlds_test_results_seed1_9tactic.json
[9t][template][main.py] | 
[2026-08-08 03:23:48] [9t][template][main.py] :: exit=0
[2026-08-08 03:23:48] [9t][class][train] :: RUNNING: /csse/research/contructive-learning/.venv/bin/python3 train_camlds_class_prototype.py --proto-mode class --split-seed 1 --test-size 0.1 --run-tag seed1_9tactic
[9t][class][train] | /csse/research/contructive-learning/.venv/lib/python3.9/site-packages/transformers/tokenization_utils_base.py:1601: FutureWarning: `clean_up_tokenization_spaces` was not set. It will be set to `True` by default. This behavior will be depracted in transformers v4.45, and will be then set to `False` by default. For more details check this issue: https://github.com/huggingface/transformers/issues/31884
[9t][class][train] |   warnings.warn(
[9t][class][train] | Some weights of RobertaModel were not initialized from the model checkpoint at FacebookAI/roberta-base and are newly initialized: ['roberta.pooler.dense.bias', 'roberta.pooler.dense.weight']
[9t][class][train] | You should probably TRAIN this model on a down-stream task to be able to use it for predictions and inference.
[9t][class][train] | Token indices sequence length is longer than the specified maximum sequence length for this model (846 > 512). Running this sequence through the model will result in indexing errors
[9t][class][train] |   Device     : cuda
[9t][class][train] |   Proto mode : class
[9t][class][train] | 
[9t][class][train] |   Loaded 159 unique sequences (99 multi-tactic — kept as multi-label, not dropped).
[9t][class][train] |     - 1_cron_localaccount-32 : ['execution', 'persistence', 'privilege_escalation']
[9t][class][train] |     - 3_ssh_apt-16 : ['command_and_control', 'execution', 'persistence', 'privilege_escalation']
[9t][class][train] |     - 6_macro_binary-20 : ['execution', 'persistence', 'privilege_escalation']
[9t][class][train] |     - 6_macro_binary-21 : ['execution', 'persistence', 'privilege_escalation']
[9t][class][train] |     - 6_macro_binary-22 : ['execution', 'persistence', 'privilege_escalation']
[9t][class][train] |     - 6_macro_cron-24 : ['execution', 'persistence', 'privilege_escalation']
[9t][class][train] |     - 7-10 : ['execution', 'lateral_movement', 'persistence', 'privilege_escalation']
[9t][class][train] |     - 3_ssh_apt-1 : ['credential_access', 'initial_access', 'persistence', 'privilege_escalation', 'stealth']
[9t][class][train] |     - 3_ssh_apt-2 : ['initial_access', 'persistence', 'privilege_escalation', 'stealth']
[9t][class][train] |     - 7-3 : ['credential_access', 'initial_access', 'persistence', 'privilege_escalation', 'stealth']
[9t][class][train] |     - 1_validaccount_localaccount-55 : ['initial_access', 'persistence', 'privilege_escalation', 'stealth']
[9t][class][train] |     - 1_validaccount_localaccount-56 : ['initial_access', 'persistence', 'privilege_escalation', 'stealth']
[9t][class][train] |     - 3_ssh_apt-4 : ['initial_access', 'persistence', 'privilege_escalation', 'stealth']
[9t][class][train] |     - 3_ssh_apt-5 : ['initial_access', 'persistence', 'privilege_escalation', 'stealth']
[9t][class][train] |     - 3_ssh_puppet-37 : ['initial_access', 'persistence', 'privilege_escalation', 'stealth']
[9t][class][train] |     - 4-19 : ['initial_access', 'persistence', 'privilege_escalation', 'stealth']
[9t][class][train] |     - 4-20 : ['initial_access', 'persistence', 'privilege_escalation', 'stealth']
[9t][class][train] |     - 4-21 : ['initial_access', 'persistence', 'privilege_escalation', 'stealth']
[9t][class][train] |     - 4-3 : ['command_and_control', 'initial_access', 'persistence', 'privilege_escalation', 'stealth']
[9t][class][train] |     - 4-4 : ['initial_access', 'persistence', 'privilege_escalation', 'stealth']
[9t][class][train] |     - 4-5 : ['initial_access', 'persistence', 'privilege_escalation', 'stealth']
[9t][class][train] |     - 4-6 : ['initial_access', 'persistence', 'privilege_escalation', 'stealth']
[9t][class][train] |     - 1_cron_sshkey-30 : ['persistence', 'privilege_escalation']
[9t][class][train] |     - 1_pwnkit_sshkey-43 : ['command_and_control', 'persistence', 'privilege_escalation']
[9t][class][train] |     - 1_pwnkit_sshkey-44 : ['persistence', 'privilege_escalation', 'stealth']
[9t][class][train] |     - 2_rootkit-26 : ['persistence', 'privilege_escalation']
[9t][class][train] |     - 2_rootkit-28 : ['persistence', 'privilege_escalation']
[9t][class][train] |     - 2_rootkit-29 : ['persistence', 'privilege_escalation']
[9t][class][train] |     - 4-12 : ['persistence', 'privilege_escalation']
[9t][class][train] |     - 4-13 : ['persistence', 'privilege_escalation']
[9t][class][train] |     - 4-14 : ['persistence', 'privilege_escalation']
[9t][class][train] |     - 4-15 : ['persistence', 'privilege_escalation']
[9t][class][train] |     - 1_racecondition_localaccount-48 : ['persistence', 'privilege_escalation']
[9t][class][train] |     - 1_racecondition_localaccount-49 : ['persistence', 'privilege_escalation']
[9t][class][train] |     - 1_racecondition_localaccount-50 : ['persistence', 'privilege_escalation']
[9t][class][train] |     - 1_racecondition_localaccount-52 : ['persistence', 'privilege_escalation']
[9t][class][train] |     - 6_macro_binary-12 : ['execution', 'persistence', 'privilege_escalation', 'stealth']
[9t][class][train] |     - 1_autostart_localaccount-15 : ['persistence', 'privilege_escalation']
[9t][class][train] |     - 1_autostart_localaccount-16 : ['persistence', 'privilege_escalation']
[9t][class][train] |     - 2_cron-4 : ['execution', 'persistence', 'privilege_escalation']
[9t][class][train] |     - 4-16 : ['command_and_control', 'persistence', 'stealth']
[9t][class][train] |     - 7-6 : ['command_and_control', 'execution', 'initial_access']
[9t][class][train] |     - 1_pwnkit_localaccount-38 : ['command_and_control', 'persistence']
[9t][class][train] |     - 1_pwnkit_pam-41 : ['command_and_control', 'credential_access', 'defense_impairment', 'persistence']
[9t][class][train] |     - 3_ssh_puppet-40 : ['command_and_control', 'execution', 'lateral_movement']
[9t][class][train] |     - 3_vnc_puppet-60 : ['command_and_control', 'execution', 'lateral_movement']
[9t][class][train] |     - 6_macro_binary-1 : ['command_and_control', 'execution']
[9t][class][train] |     - 6_screensharing_binary-39 : ['command_and_control', 'execution', 'initial_access']
[9t][class][train] |     - 6_screensharing_binary-49 : ['command_and_control', 'stealth']
[9t][class][train] |     - 4-9 : ['command_and_control', 'persistence', 'stealth']
[9t][class][train] |     - 6_screensharing_binary-41 : ['command_and_control', 'execution']
[9t][class][train] |     - 6_screensharing_binary-43 : ['command_and_control', 'initial_access']
[9t][class][train] |     - 6_screensharing_binary-44 : ['command_and_control', 'initial_access']
[9t][class][train] |     - 6_screensharing_binary-51 : ['command_and_control', 'defense_impairment']
[9t][class][train] |     - 6_screensharing_binary-57 : ['command_and_control', 'execution', 'stealth']
[9t][class][train] |     - 6_screensharing_binary-59 : ['command_and_control', 'execution']
[9t][class][train] |     - 3_ssh_apt-3 : ['credential_access', 'discovery']
[9t][class][train] |     - 5-2 : ['credential_access', 'discovery']
[9t][class][train] |     - 6_plugin-26 : ['collection', 'credential_access', 'persistence']
[9t][class][train] |     - 6_plugin-28 : ['collection', 'credential_access', 'persistence']
[9t][class][train] |     - 6_plugin-29 : ['collection', 'credential_access', 'persistence']
[9t][class][train] |     - 6_plugin-30 : ['collection', 'credential_access', 'persistence']
[9t][class][train] |     - 6_plugin-31 : ['collection', 'credential_access']
[9t][class][train] |     - 6_plugin-32 : ['collection', 'credential_access']
[9t][class][train] |     - 6_plugin-33 : ['collection', 'credential_access']
[9t][class][train] |     - 6_plugin-34 : ['collection', 'credential_access']
[9t][class][train] |     - 6_plugin-35 : ['collection', 'credential_access']
[9t][class][train] |     - 3_vnc_healthcheck-55 : ['credential_access', 'lateral_movement']
[9t][class][train] |     - 3_vnc_puppet-58 : ['credential_access', 'lateral_movement']
[9t][class][train] |     - 1_pwnkit_pam-42 : ['credential_access', 'defense_impairment', 'persistence', 'stealth']
[9t][class][train] |     - 6_screensharing_cron-20 : ['execution', 'persistence', 'privilege_escalation']
[9t][class][train] |     - 6_screensharing_cron-21 : ['execution', 'persistence', 'privilege_escalation']
[9t][class][train] |     - 6_screensharing_cron-22 : ['execution', 'persistence', 'privilege_escalation']
[9t][class][train] |     - 6_screensharing_cron-24 : ['execution', 'persistence', 'privilege_escalation']
[9t][class][train] |     - 3_ssh_apt-14 : ['execution', 'stealth']
[9t][class][train] |     - 1_autostart_localaccount-5 : ['execution', 'initial_access']
[9t][class][train] |     - 3_ssh_apt-17 : ['execution', 'lateral_movement']
[9t][class][train] |     - 3_ssh_apt-18 : ['execution', 'lateral_movement']
[9t][class][train] |     - 3_vnc_apt-54 : ['execution', 'lateral_movement']
[9t][class][train] |     - 2_rootkit-27 : ['execution', 'stealth']
[9t][class][train] |     - 3_ssh_apt-12 : ['execution', 'stealth']
[9t][class][train] |     - 3_vnc_apt-51 : ['execution', 'stealth']
[9t][class][train] |     - 1_pwnkit_localaccount-39 : ['persistence', 'stealth']
[9t][class][train] |     - 1_cron_pam-29 : ['credential_access', 'defense_impairment', 'persistence']
[9t][class][train] |     - 1_cron_localaccount-28 : ['discovery', 'stealth']
[9t][class][train] |     - 1_cron_pam-28 : ['discovery', 'stealth']
[9t][class][train] |     - 1_cron_sshkey-28 : ['discovery', 'stealth']
[9t][class][train] |     - 1_pwnkit_localaccount-28 : ['discovery', 'stealth']
[9t][class][train] |     - 1_pwnkit_pam-28 : ['discovery', 'stealth']
[9t][class][train] |     - 1_pwnkit_sshkey-28 : ['discovery', 'stealth']
[9t][class][train] |     - 1_racecondition_localaccount-28 : ['discovery', 'stealth']
[9t][class][train] |     - 1_racecondition_pam-28 : ['discovery', 'stealth']
[9t][class][train] |     - 1_racecondition_sshkey-28 : ['discovery', 'stealth']
[9t][class][train] |     - 1_sudo_localaccount-28 : ['discovery', 'stealth']
[9t][class][train] |     - 1_sudo_pam-28 : ['discovery', 'stealth']
[9t][class][train] |     - 1_sudo_sshkey-28 : ['discovery', 'stealth']
[9t][class][train] |     - 1_validaccount_localaccount-28 : ['discovery', 'stealth']
[9t][class][train] |     - 1_validaccount_pam-28 : ['discovery', 'stealth']
[9t][class][train] |     - 1_validaccount_sshkey-28 : ['discovery', 'stealth']
[9t][class][train] |   Tactics (from full true multi-label membership of our 159 steps): collection, command_and_control, credential_access, defense_impairment, discovery, execution, initial_access, lateral_movement, persistence, privilege_escalation, stealth
[9t][class][train] |   Split mode: random 90/10 (split_seed=1)
[9t][class][train] |   Train sequences: 144  Test sequences: 15
[9t][class][train] |     collection : 7 train
[9t][class][train] |     command_and_control : 30 train
[9t][class][train] |     credential_access : 21 train
[9t][class][train] |     defense_impairment : 9 train
[9t][class][train] |     discovery : 16 train
[9t][class][train] |     execution : 37 train
[9t][class][train] |     initial_access : 18 train
[9t][class][train] |     lateral_movement : 11 train
[9t][class][train] |     persistence : 50 train
[9t][class][train] |     privilege_escalation : 48 train
[9t][class][train] |     stealth : 44 train
[9t][class][train] |   Loading RoBERTa encoder...
[9t][class][train] |   Class prototypes: LEARNED (orthogonal init, ridge + EMA update, beta=0.999)
[9t][class][train] | 
[9t][class][train] |   Training  epochs=100 lr=1e-05 dropout=0.5 patience=20 batch_size=11
[9t][class][train] |   Start time: 2026-08-08 03:24:01
[9t][class][train] | 
[9t][class][train] |   epoch    1  loss=2.587400  steps=14  logit_scale=14.2842  epoch_time=0.13m  total_time=0.13m
